doc_id,filename,format,category,sensitivity_level,title,generated
custom_00000,custom_00000.docx,docx,行政通知,L1,关于4月考勤安排的通知,1
custom_00001,custom_00001.docx,docx,公开报告,L1,2023年度企业社会责任报告,1
custom_00002,custom_00002.docx,docx,行政通知,L1,办公区域管理规定,1
custom_00003,custom_00003.docx,docx,行政通知,L1,员工手册更新说明,1
custom_00004,custom_00004.docx,docx,行政通知,L1,假期安排通知,1
custom_00005,custom_00005.docx,docx,行政通知,L1,技术部门培训计划,1
custom_00006,custom_00006.docx,docx,行政通知,L1,关于7月考勤安排的通知,1
custom_00007,custom_00007.docx,docx,行政通知,L1,假期安排通知,1
custom_00008,custom_00008.docx,docx,行政通知,L1,员工手册更新说明,1
custom_00009,custom_00009.docx,docx,公开报告,L1,2024年度企业社会责任报告,1
custom_00010,custom_00010.docx,docx,行政通知,L1,员工手册更新说明,1
custom_00011,custom_00011.docx,docx,行政通知,L1,办公区域管理规定,1
custom_00012,custom_00012.docx,docx,公开报告,L1,技术白皮书：绿色供应链,1
custom_00013,custom_00013.docx,docx,行政通知,L1,关于3月考勤安排的通知,1
custom_00014,custom_00014.docx,docx,公开报告,L1,产品使用手册 v2.5,1
custom_00015,custom_00015.docx,docx,公开报告,L1,技术白皮书：隐私合规实践,1
custom_00016,custom_00016.docx,docx,公开报告,L1,技术白皮书：产品服务能力,1
custom_00017,custom_00017.docx,docx,行政通知,L1,人力部门培训计划,1
custom_00018,custom_00018.docx,docx,公开报告,L1,产品使用手册 v2.5,1
custom_00019,custom_00019.docx,docx,公开报告,L1,技术白皮书：数据安全治理,1
custom_00020,custom_00020.docx,docx,行政通知,L1,关于10月考勤安排的通知,1
custom_00021,custom_00021.docx,docx,公开报告,L1,产品使用手册 v1.6,1
custom_00022,custom_00022.docx,docx,行政通知,L1,关于10月考勤安排的通知,1
custom_00023,custom_00023.docx,docx,公开报告,L1,产品使用手册 v3.7,1
custom_00024,custom_00024.docx,docx,行政通知,L1,办公区域管理规定,1
custom_00025,custom_00025.docx,docx,公开报告,L1,产品使用手册 v3.6,1
custom_00026,custom_00026.docx,docx,行政通知,L1,关于8月考勤安排的通知,1
custom_00027,custom_00027.docx,docx,行政通知,L1,员工手册更新说明,1
custom_00028,custom_00028.docx,docx,行政通知,L1,员工手册更新说明,1
custom_00029,custom_00029.docx,docx,公开报告,L1,2024年度企业社会责任报告,1
custom_00030,custom_00030.docx,docx,公开报告,L1,技术白皮书：产品服务能力,1
custom_00031,custom_00031.docx,docx,公开报告,L1,2024年度企业社会责任报告,1
custom_00032,custom_00032.docx,docx,公开报告,L1,产品使用手册 v2.0,1
custom_00033,custom_00033.docx,docx,行政通知,L1,员工手册更新说明,1
custom_00034,custom_00034.docx,docx,公开报告,L1,产品使用手册 v2.2,1
custom_00035,custom_00035.docx,docx,公开报告,L1,2023年度企业社会责任报告,1
custom_00036,custom_00036.docx,docx,公开报告,L1,产品使用手册 v1.3,1
custom_00037,custom_00037.docx,docx,公开报告,L1,技术白皮书：隐私合规实践,1
custom_00038,custom_00038.docx,docx,行政通知,L1,法务部门培训计划,1
custom_00039,custom_00039.docx,docx,行政通知,L1,假期安排通知,1
custom_00040,custom_00040.docx,docx,公开报告,L1,2024年度企业社会责任报告,1
custom_00041,custom_00041.docx,docx,公开报告,L1,2025年度企业社会责任报告,1
custom_00042,custom_00042.docx,docx,公开报告,L1,2024年度企业社会责任报告,1
custom_00043,custom_00043.docx,docx,行政通知,L1,员工手册更新说明,1
custom_00044,custom_00044.docx,docx,公开报告,L1,产品使用手册 v2.9,1
custom_00045,custom_00045.docx,docx,公开报告,L1,2024年度企业社会责任报告,1
custom_00046,custom_00046.docx,docx,行政通知,L1,假期安排通知,1
custom_00047,custom_00047.docx,docx,行政通知,L1,员工手册更新说明,1
custom_00048,custom_00048.docx,docx,行政通知,L1,关于11月考勤安排的通知,1
custom_00049,custom_00049.docx,docx,行政通知,L1,办公区域管理规定,1
custom_00050,custom_00050.docx,docx,行政通知,L1,关于2月考勤安排的通知,1
custom_00051,custom_00051.docx,docx,行政通知,L1,技术部门培训计划,1
custom_00052,custom_00052.docx,docx,公开报告,L1,产品使用手册 v3.0,1
custom_00053,custom_00053.docx,docx,行政通知,L1,员工手册更新说明,1
custom_00054,custom_00054.docx,docx,行政通知,L1,关于7月考勤安排的通知,1
custom_00055,custom_00055.docx,docx,公开报告,L1,产品使用手册 v1.5,1
custom_00056,custom_00056.docx,docx,行政通知,L1,员工手册更新说明,1
custom_00057,custom_00057.docx,docx,公开报告,L1,2024年度企业社会责任报告,1
custom_00058,custom_00058.docx,docx,行政通知,L1,安全部门培训计划,1
custom_00059,custom_00059.docx,docx,行政通知,L1,假期安排通知,1
custom_00060,custom_00060.docx,docx,行政通知,L1,办公区域管理规定,1
custom_00061,custom_00061.docx,docx,公开报告,L1,技术白皮书：产品服务能力,1
custom_00062,custom_00062.docx,docx,行政通知,L1,办公区域管理规定,1
custom_00063,custom_00063.docx,docx,行政通知,L1,法务部门培训计划,1
custom_00064,custom_00064.docx,docx,公开报告,L1,产品使用手册 v2.0,1
custom_00065,custom_00065.docx,docx,公开报告,L1,产品使用手册 v2.3,1
custom_00066,custom_00066.docx,docx,行政通知,L1,员工手册更新说明,1
custom_00067,custom_00067.docx,docx,行政通知,L1,办公区域管理规定,1
custom_00068,custom_00068.docx,docx,行政通知,L1,办公区域管理规定,1
custom_00069,custom_00069.docx,docx,行政通知,L1,假期安排通知,1
custom_00070,custom_00070.docx,docx,公开报告,L1,技术白皮书：产品服务能力,1
custom_00071,custom_00071.docx,docx,行政通知,L1,人力部门培训计划,1
custom_00072,custom_00072.docx,docx,行政通知,L1,员工手册更新说明,1
custom_00073,custom_00073.docx,docx,公开报告,L1,技术白皮书：产品服务能力,1
custom_00074,custom_00074.docx,docx,公开报告,L1,技术白皮书：产品服务能力,1
custom_00075,custom_00075.docx,docx,行政通知,L1,关于4月考勤安排的通知,1
custom_00076,custom_00076.docx,docx,行政通知,L1,人力部门培训计划,1
custom_00077,custom_00077.docx,docx,行政通知,L1,假期安排通知,1
custom_00078,custom_00078.docx,docx,行政通知,L1,关于7月考勤安排的通知,1
custom_00079,custom_00079.docx,docx,公开报告,L1,2025年度企业社会责任报告,1
custom_00080,custom_00080.docx,docx,内部备忘,L2,内部沟通：需求收敛事项,1
custom_00081,custom_00081.docx,docx,内部备忘,L2,内部沟通：系统升级事项,1
custom_00082,custom_00082.docx,docx,项目文档,L2,系统架构设计文档 - API网关,1
custom_00083,custom_00083.docx,docx,项目文档,L2,系统架构设计文档 - 认证模块,1
custom_00084,custom_00084.docx,docx,内部备忘,L2,安全部门周报 - 第40周,1
custom_00085,custom_00085.docx,docx,内部备忘,L2,关于Titan项目进度的备忘录,1
custom_00086,custom_00086.docx,docx,内部备忘,L2,内部沟通：需求收敛事项,1
custom_00087,custom_00087.docx,docx,内部备忘,L2,法务部门周报 - 第52周,1
custom_00088,custom_00088.docx,docx,项目文档,L2,Omega测试报告,1
custom_00089,custom_00089.docx,docx,内部备忘,L2,关于Omega项目进度的备忘录,1
custom_00090,custom_00090.docx,docx,项目文档,L2,系统架构设计文档 - 认证模块,1
custom_00091,custom_00091.docx,docx,项目文档,L2,系统架构设计文档 - API网关,1
custom_00092,custom_00092.docx,docx,内部备忘,L2,会议纪要：风险复盘讨论会,1
custom_00093,custom_00093.docx,docx,内部备忘,L2,运维部门周报 - 第30周,1
custom_00094,custom_00094.docx,docx,内部备忘,L2,产品部门周报 - 第46周,1
custom_00095,custom_00095.docx,docx,内部备忘,L2,产品部门周报 - 第22周,1
custom_00096,custom_00096.docx,docx,内部备忘,L2,会议纪要：系统升级讨论会,1
custom_00097,custom_00097.docx,docx,项目文档,L2,Apex需求规格说明书,1
custom_00098,custom_00098.docx,docx,内部备忘,L2,内部沟通：资源协调事项,1
custom_00099,custom_00099.docx,docx,项目文档,L2,Nebula测试报告,1
custom_00100,custom_00100.docx,docx,项目文档,L2,Nova测试报告,1
custom_00101,custom_00101.docx,docx,内部备忘,L2,关于Phoenix项目进度的备忘录,1
custom_00102,custom_00102.docx,docx,项目文档,L2,Omega需求规格说明书,1
custom_00103,custom_00103.docx,docx,项目文档,L2,Omega测试报告,1
custom_00104,custom_00104.docx,docx,项目文档,L2,Atlas需求规格说明书,1
custom_00105,custom_00105.docx,docx,项目文档,L2,系统架构设计文档 - API网关,1
custom_00106,custom_00106.docx,docx,项目文档,L2,系统架构设计文档 - 认证模块,1
custom_00107,custom_00107.docx,docx,项目文档,L2,Titan测试报告,1
custom_00108,custom_00108.docx,docx,内部备忘,L2,关于Phoenix项目进度的备忘录,1
custom_00109,custom_00109.docx,docx,内部备忘,L2,内部沟通：需求收敛事项,1
custom_00110,custom_00110.docx,docx,内部备忘,L2,产品部门周报 - 第23周,1
custom_00111,custom_00111.docx,docx,项目文档,L2,Titan测试报告,1
custom_00112,custom_00112.docx,docx,内部备忘,L2,关于Omega项目进度的备忘录,1
custom_00113,custom_00113.docx,docx,内部备忘,L2,关于Nebula项目进度的备忘录,1
custom_00114,custom_00114.docx,docx,内部备忘,L2,内部沟通：需求收敛事项,1
custom_00115,custom_00115.docx,docx,项目文档,L2,Nebula需求规格说明书,1
custom_00116,custom_00116.docx,docx,内部备忘,L2,关于Apex项目进度的备忘录,1
custom_00117,custom_00117.docx,docx,内部备忘,L2,人力部门周报 - 第34周,1
custom_00118,custom_00118.docx,docx,内部备忘,L2,法务部门周报 - 第48周,1
custom_00119,custom_00119.docx,docx,项目文档,L2,Nebula测试报告,1
custom_00120,custom_00120.docx,docx,内部备忘,L2,关于Phoenix项目进度的备忘录,1
custom_00121,custom_00121.docx,docx,项目文档,L2,Titan需求规格说明书,1
custom_00122,custom_00122.docx,docx,项目文档,L2,Phoenix测试报告,1
custom_00123,custom_00123.docx,docx,内部备忘,L2,关于Apex项目进度的备忘录,1
custom_00124,custom_00124.docx,docx,内部备忘,L2,内部沟通：需求收敛事项,1
custom_00125,custom_00125.docx,docx,内部备忘,L2,会议纪要：需求收敛讨论会,1
custom_00126,custom_00126.docx,docx,项目文档,L2,Titan测试报告,1
custom_00127,custom_00127.docx,docx,内部备忘,L2,人力部门周报 - 第11周,1
custom_00128,custom_00128.docx,docx,内部备忘,L2,关于Apex项目进度的备忘录,1
custom_00129,custom_00129.docx,docx,内部备忘,L2,关于Phoenix项目进度的备忘录,1
custom_00130,custom_00130.docx,docx,内部备忘,L2,关于Atlas项目进度的备忘录,1
custom_00131,custom_00131.docx,docx,内部备忘,L2,会议纪要：需求收敛讨论会,1
custom_00132,custom_00132.docx,docx,内部备忘,L2,内部沟通：需求收敛事项,1
custom_00133,custom_00133.docx,docx,项目文档,L2,系统架构设计文档 - API网关,1
custom_00134,custom_00134.docx,docx,项目文档,L2,系统架构设计文档 - 日志平台,1
custom_00135,custom_00135.docx,docx,项目文档,L2,系统架构设计文档 - API网关,1
custom_00136,custom_00136.docx,docx,项目文档,L2,Nebula需求规格说明书,1
custom_00137,custom_00137.docx,docx,内部备忘,L2,内部沟通：需求收敛事项,1
custom_00138,custom_00138.docx,docx,项目文档,L2,Titan需求规格说明书,1
custom_00139,custom_00139.docx,docx,项目文档,L2,Nova测试报告,1
custom_00140,custom_00140.docx,docx,项目文档,L2,Phoenix测试报告,1
custom_00141,custom_00141.docx,docx,内部备忘,L2,会议纪要：资源协调讨论会,1
custom_00142,custom_00142.docx,docx,内部备忘,L2,关于Omega项目进度的备忘录,1
custom_00143,custom_00143.docx,docx,内部备忘,L2,市场部门周报 - 第13周,1
custom_00144,custom_00144.docx,docx,项目文档,L2,Nova测试报告,1
custom_00145,custom_00145.docx,docx,内部备忘,L2,内部沟通：预算使用事项,1
custom_00146,custom_00146.docx,docx,内部备忘,L2,会议纪要：资源协调讨论会,1
custom_00147,custom_00147.docx,docx,项目文档,L2,系统架构设计文档 - 数据层,1
custom_00148,custom_00148.docx,docx,内部备忘,L2,人力部门周报 - 第27周,1
custom_00149,custom_00149.docx,docx,内部备忘,L2,会议纪要：风险复盘讨论会,1
custom_00150,custom_00150.docx,docx,项目文档,L2,系统架构设计文档 - 认证模块,1
custom_00151,custom_00151.docx,docx,项目文档,L2,系统架构设计文档 - 数据层,1
custom_00152,custom_00152.docx,docx,内部备忘,L2,内部沟通：系统升级事项,1
custom_00153,custom_00153.docx,docx,内部备忘,L2,人力部门周报 - 第39周,1
custom_00154,custom_00154.docx,docx,内部备忘,L2,内部沟通：资源协调事项,1
custom_00155,custom_00155.docx,docx,项目文档,L2,Nova测试报告,1
custom_00156,custom_00156.docx,docx,项目文档,L2,Apex测试报告,1
custom_00157,custom_00157.docx,docx,内部备忘,L2,法务部门周报 - 第10周,1
custom_00158,custom_00158.docx,docx,内部备忘,L2,产品部门周报 - 第24周,1
custom_00159,custom_00159.docx,docx,内部备忘,L2,关于Omega项目进度的备忘录,1
custom_00160,custom_00160.docx,docx,内部备忘,L2,关于Phoenix项目进度的备忘录,1
custom_00161,custom_00161.docx,docx,内部备忘,L2,内部沟通：系统升级事项,1
custom_00162,custom_00162.docx,docx,内部备忘,L2,内部沟通：系统升级事项,1
custom_00163,custom_00163.docx,docx,项目文档,L2,Phoenix需求规格说明书,1
custom_00164,custom_00164.docx,docx,项目文档,L2,Atlas测试报告,1
custom_00165,custom_00165.docx,docx,内部备忘,L2,内部沟通：资源协调事项,1
custom_00166,custom_00166.docx,docx,内部备忘,L2,法务部门周报 - 第7周,1
custom_00167,custom_00167.docx,docx,项目文档,L2,Omega测试报告,1
custom_00168,custom_00168.docx,docx,项目文档,L2,Atlas测试报告,1
custom_00169,custom_00169.docx,docx,内部备忘,L2,关于Titan项目进度的备忘录,1
custom_00170,custom_00170.docx,docx,项目文档,L2,Atlas需求规格说明书,1
custom_00171,custom_00171.docx,docx,内部备忘,L2,产品部门周报 - 第24周,1
custom_00172,custom_00172.docx,docx,内部备忘,L2,内部沟通：预算使用事项,1
custom_00173,custom_00173.docx,docx,内部备忘,L2,安全部门周报 - 第19周,1
custom_00174,custom_00174.docx,docx,项目文档,L2,Nova测试报告,1
custom_00175,custom_00175.docx,docx,内部备忘,L2,法务部门周报 - 第31周,1
custom_00176,custom_00176.docx,docx,项目文档,L2,系统架构设计文档 - 数据层,1
custom_00177,custom_00177.docx,docx,内部备忘,L2,内部沟通：资源协调事项,1
custom_00178,custom_00178.docx,docx,内部备忘,L2,会议纪要：风险复盘讨论会,1
custom_00179,custom_00179.docx,docx,内部备忘,L2,内部沟通：资源协调事项,1
custom_00180,custom_00180.docx,docx,内部备忘,L2,人力部门周报 - 第7周,1
custom_00181,custom_00181.docx,docx,内部备忘,L2,会议纪要：风险复盘讨论会,1
custom_00182,custom_00182.docx,docx,项目文档,L2,Nebula测试报告,1
custom_00183,custom_00183.docx,docx,内部备忘,L2,会议纪要：资源协调讨论会,1
custom_00184,custom_00184.docx,docx,内部备忘,L2,法务部门周报 - 第4周,1
custom_00185,custom_00185.docx,docx,内部备忘,L2,关于Phoenix项目进度的备忘录,1
custom_00186,custom_00186.docx,docx,项目文档,L2,Nova测试报告,1
custom_00187,custom_00187.docx,docx,内部备忘,L2,会议纪要：风险复盘讨论会,1
custom_00188,custom_00188.docx,docx,项目文档,L2,Nebula需求规格说明书,1
custom_00189,custom_00189.docx,docx,项目文档,L2,Atlas测试报告,1
custom_00190,custom_00190.docx,docx,内部备忘,L2,会议纪要：需求收敛讨论会,1
custom_00191,custom_00191.docx,docx,内部备忘,L2,关于Atlas项目进度的备忘录,1
custom_00192,custom_00192.docx,docx,内部备忘,L2,产品部门周报 - 第5周,1
custom_00193,custom_00193.docx,docx,内部备忘,L2,运维部门周报 - 第36周,1
custom_00194,custom_00194.docx,docx,项目文档,L2,Phoenix需求规格说明书,1
custom_00195,custom_00195.docx,docx,内部备忘,L2,关于Nebula项目进度的备忘录,1
custom_00196,custom_00196.docx,docx,内部备忘,L2,内部沟通：系统升级事项,1
custom_00197,custom_00197.docx,docx,项目文档,L2,Atlas测试报告,1
custom_00198,custom_00198.docx,docx,项目文档,L2,Nova需求规格说明书,1
custom_00199,custom_00199.docx,docx,项目文档,L2,Apex需求规格说明书,1
custom_00200,custom_00200.docx,docx,项目文档,L2,系统架构设计文档 - 消息队列,1
custom_00201,custom_00201.docx,docx,项目文档,L2,系统架构设计文档 - 权限中心,1
custom_00202,custom_00202.docx,docx,项目文档,L2,Omega需求规格说明书,1
custom_00203,custom_00203.docx,docx,内部备忘,L2,会议纪要：预算使用讨论会,1
custom_00204,custom_00204.docx,docx,项目文档,L2,Nova测试报告,1
custom_00205,custom_00205.docx,docx,内部备忘,L2,关于Phoenix项目进度的备忘录,1
custom_00206,custom_00206.docx,docx,项目文档,L2,系统架构设计文档 - 日志平台,1
custom_00207,custom_00207.docx,docx,内部备忘,L2,会议纪要：预算使用讨论会,1
custom_00208,custom_00208.docx,docx,项目文档,L2,系统架构设计文档 - 数据层,1
custom_00209,custom_00209.docx,docx,内部备忘,L2,内部沟通：预算使用事项,1
custom_00210,custom_00210.docx,docx,项目文档,L2,系统架构设计文档 - 权限中心,1
custom_00211,custom_00211.docx,docx,内部备忘,L2,数据部门周报 - 第38周,1
custom_00212,custom_00212.docx,docx,项目文档,L2,Atlas需求规格说明书,1
custom_00213,custom_00213.docx,docx,项目文档,L2,系统架构设计文档 - 数据层,1
custom_00214,custom_00214.docx,docx,内部备忘,L2,关于Nebula项目进度的备忘录,1
custom_00215,custom_00215.docx,docx,内部备忘,L2,会议纪要：系统升级讨论会,1
custom_00216,custom_00216.docx,docx,项目文档,L2,系统架构设计文档 - 日志平台,1
custom_00217,custom_00217.docx,docx,内部备忘,L2,关于Apex项目进度的备忘录,1
custom_00218,custom_00218.docx,docx,内部备忘,L2,市场部门周报 - 第28周,1
custom_00219,custom_00219.docx,docx,项目文档,L2,系统架构设计文档 - API网关,1
custom_00220,custom_00220.docx,docx,内部备忘,L2,内部沟通：风险复盘事项,1
custom_00221,custom_00221.docx,docx,内部备忘,L2,会议纪要：资源协调讨论会,1
custom_00222,custom_00222.docx,docx,项目文档,L2,系统架构设计文档 - 数据层,1
custom_00223,custom_00223.docx,docx,内部备忘,L2,内部沟通：风险复盘事项,1
custom_00224,custom_00224.docx,docx,内部备忘,L2,关于Omega项目进度的备忘录,1
custom_00225,custom_00225.docx,docx,项目文档,L2,Titan需求规格说明书,1
custom_00226,custom_00226.docx,docx,项目文档,L2,Phoenix需求规格说明书,1
custom_00227,custom_00227.docx,docx,项目文档,L2,系统架构设计文档 - 日志平台,1
custom_00228,custom_00228.docx,docx,内部备忘,L2,安全部门周报 - 第26周,1
custom_00229,custom_00229.docx,docx,内部备忘,L2,会议纪要：预算使用讨论会,1
custom_00230,custom_00230.docx,docx,财务文档,L3,2023年Q3财务报表,1
custom_00231,custom_00231.docx,docx,财务文档,L3,采购合同：美团,1
custom_00232,custom_00232.docx,docx,合同协议,L3,数据处理协议 - 美团,1
custom_00233,custom_00233.docx,docx,财务文档,L3,财务部门预算审批单,1
custom_00234,custom_00234.docx,docx,合同协议,L3,数据处理协议 - 京东,1
custom_00235,custom_00235.docx,docx,合同协议,L3,保密协议 - 京东,1
custom_00236,custom_00236.docx,docx,财务文档,L3,费用报销审批：咨询服务,1
custom_00237,custom_00237.docx,docx,财务文档,L3,采购合同：京东,1
custom_00238,custom_00238.docx,docx,财务文档,L3,2023年Q3财务报表,1
custom_00239,custom_00239.docx,docx,合同协议,L3,技术合作框架协议,1
custom_00240,custom_00240.docx,docx,财务文档,L3,费用报销审批：设备采购,1
custom_00241,custom_00241.docx,docx,财务文档,L3,2025年Q2财务报表,1
custom_00242,custom_00242.docx,docx,合同协议,L3,保密协议 - 华为,1
custom_00243,custom_00243.docx,docx,财务文档,L3,技术部门预算审批单,1
custom_00244,custom_00244.docx,docx,财务文档,L3,财务部门预算审批单,1
custom_00245,custom_00245.docx,docx,财务文档,L3,采购合同：阿里云,1
custom_00246,custom_00246.docx,docx,财务文档,L3,2023年Q3财务报表,1
custom_00247,custom_00247.docx,docx,财务文档,L3,采购合同：腾讯,1
custom_00248,custom_00248.docx,docx,合同协议,L3,保密协议 - 美团,1
custom_00249,custom_00249.docx,docx,财务文档,L3,2025年Q1财务报表,1
custom_00250,custom_00250.docx,docx,财务文档,L3,安全部门预算审批单,1
custom_00251,custom_00251.docx,docx,合同协议,L3,保密协议 - 百度,1
custom_00252,custom_00252.docx,docx,合同协议,L3,技术合作框架协议,1
custom_00253,custom_00253.docx,docx,合同协议,L3,数据处理协议 - 美团,1
custom_00254,custom_00254.docx,docx,合同协议,L3,保密协议 - 京东,1
custom_00255,custom_00255.docx,docx,合同协议,L3,数据处理协议 - 腾讯,1
custom_00256,custom_00256.docx,docx,合同协议,L3,技术合作框架协议,1
custom_00257,custom_00257.docx,docx,财务文档,L3,2024年Q4财务报表,1
custom_00258,custom_00258.docx,docx,合同协议,L3,技术合作框架协议,1
custom_00259,custom_00259.docx,docx,财务文档,L3,费用报销审批：设备采购,1
custom_00260,custom_00260.docx,docx,合同协议,L3,技术合作框架协议,1
custom_00261,custom_00261.docx,docx,财务文档,L3,人力部门预算审批单,1
custom_00262,custom_00262.docx,docx,合同协议,L3,数据处理协议 - 京东,1
custom_00263,custom_00263.docx,docx,财务文档,L3,采购合同：腾讯,1
custom_00264,custom_00264.docx,docx,财务文档,L3,采购合同：百度,1
custom_00265,custom_00265.docx,docx,财务文档,L3,2024年Q2财务报表,1
custom_00266,custom_00266.docx,docx,合同协议,L3,技术合作框架协议,1
custom_00267,custom_00267.docx,docx,合同协议,L3,数据处理协议 - 美团,1
custom_00268,custom_00268.docx,docx,合同协议,L3,数据处理协议 - 美团,1
custom_00269,custom_00269.docx,docx,财务文档,L3,产品部门预算审批单,1
custom_00270,custom_00270.docx,docx,财务文档,L3,采购合同：阿里云,1
custom_00271,custom_00271.docx,docx,财务文档,L3,2024年Q4财务报表,1
custom_00272,custom_00272.docx,docx,合同协议,L3,技术合作框架协议,1
custom_00273,custom_00273.docx,docx,合同协议,L3,技术合作框架协议,1
custom_00274,custom_00274.docx,docx,财务文档,L3,数据部门预算审批单,1
custom_00275,custom_00275.docx,docx,财务文档,L3,费用报销审批：设备采购,1
custom_00276,custom_00276.docx,docx,财务文档,L3,采购合同：华为,1
custom_00277,custom_00277.docx,docx,合同协议,L3,保密协议 - 百度,1
custom_00278,custom_00278.docx,docx,合同协议,L3,数据处理协议 - 美团,1
custom_00279,custom_00279.docx,docx,财务文档,L3,财务部门预算审批单,1
custom_00280,custom_00280.docx,docx,合同协议,L3,数据处理协议 - 华为,1
custom_00281,custom_00281.docx,docx,财务文档,L3,2025年Q2财务报表,1
custom_00282,custom_00282.docx,docx,合同协议,L3,数据处理协议 - 字节跳动,1
custom_00283,custom_00283.docx,docx,合同协议,L3,数据处理协议 - 京东,1
custom_00284,custom_00284.docx,docx,财务文档,L3,2024年Q3财务报表,1
custom_00285,custom_00285.docx,docx,财务文档,L3,采购合同：华为,1
custom_00286,custom_00286.docx,docx,合同协议,L3,技术合作框架协议,1
custom_00287,custom_00287.docx,docx,财务文档,L3,采购合同：字节跳动,1
custom_00288,custom_00288.docx,docx,财务文档,L3,费用报销审批：设备采购,1
custom_00289,custom_00289.docx,docx,财务文档,L3,费用报销审批：培训费用,1
custom_00290,custom_00290.docx,docx,合同协议,L3,保密协议 - 百度,1
custom_00291,custom_00291.docx,docx,合同协议,L3,数据处理协议 - 阿里云,1
custom_00292,custom_00292.docx,docx,合同协议,L3,技术合作框架协议,1
custom_00293,custom_00293.docx,docx,合同协议,L3,数据处理协议 - 京东,1
custom_00294,custom_00294.docx,docx,合同协议,L3,数据处理协议 - 美团,1
custom_00295,custom_00295.docx,docx,合同协议,L3,数据处理协议 - 华为,1
custom_00296,custom_00296.docx,docx,合同协议,L3,数据处理协议 - 美团,1
custom_00297,custom_00297.docx,docx,财务文档,L3,法务部门预算审批单,1
custom_00298,custom_00298.docx,docx,合同协议,L3,技术合作框架协议,1
custom_00299,custom_00299.docx,docx,财务文档,L3,运维部门预算审批单,1
custom_00300,custom_00300.docx,docx,合同协议,L3,数据处理协议 - 京东,1
custom_00301,custom_00301.docx,docx,合同协议,L3,数据处理协议 - 美团,1
custom_00302,custom_00302.docx,docx,合同协议,L3,技术合作框架协议,1
custom_00303,custom_00303.docx,docx,合同协议,L3,数据处理协议 - 华为,1
custom_00304,custom_00304.docx,docx,财务文档,L3,2025年Q4财务报表,1
custom_00305,custom_00305.docx,docx,财务文档,L3,费用报销审批：设备采购,1
custom_00306,custom_00306.docx,docx,财务文档,L3,技术部门预算审批单,1
custom_00307,custom_00307.docx,docx,合同协议,L3,数据处理协议 - 华为,1
custom_00308,custom_00308.docx,docx,合同协议,L3,数据处理协议 - 字节跳动,1
custom_00309,custom_00309.docx,docx,合同协议,L3,数据处理协议 - 美团,1
custom_00310,custom_00310.docx,docx,财务文档,L3,采购合同：字节跳动,1
custom_00311,custom_00311.docx,docx,财务文档,L3,采购合同：腾讯,1
custom_00312,custom_00312.docx,docx,财务文档,L3,费用报销审批：云资源扩容,1
custom_00313,custom_00313.docx,docx,财务文档,L3,费用报销审批：咨询服务,1
custom_00314,custom_00314.docx,docx,财务文档,L3,采购合同：美团,1
custom_00315,custom_00315.docx,docx,财务文档,L3,采购合同：字节跳动,1
custom_00316,custom_00316.docx,docx,合同协议,L3,数据处理协议 - 腾讯,1
custom_00317,custom_00317.docx,docx,财务文档,L3,费用报销审批：设备采购,1
custom_00318,custom_00318.docx,docx,合同协议,L3,保密协议 - 百度,1
custom_00319,custom_00319.docx,docx,财务文档,L3,2023年Q4财务报表,1
custom_00320,custom_00320.docx,docx,合同协议,L3,保密协议 - 字节跳动,1
custom_00321,custom_00321.docx,docx,财务文档,L3,2025年Q2财务报表,1
custom_00322,custom_00322.docx,docx,合同协议,L3,数据处理协议 - 京东,1
custom_00323,custom_00323.docx,docx,财务文档,L3,费用报销审批：咨询服务,1
custom_00324,custom_00324.docx,docx,合同协议,L3,技术合作框架协议,1
custom_00325,custom_00325.docx,docx,财务文档,L3,采购合同：京东,1
custom_00326,custom_00326.docx,docx,财务文档,L3,采购合同：百度,1
custom_00327,custom_00327.docx,docx,财务文档,L3,市场部门预算审批单,1
custom_00328,custom_00328.docx,docx,合同协议,L3,数据处理协议 - 华为,1
custom_00329,custom_00329.docx,docx,合同协议,L3,数据处理协议 - 京东,1
custom_00330,custom_00330.docx,docx,财务文档,L3,2025年Q2财务报表,1
custom_00331,custom_00331.docx,docx,财务文档,L3,采购合同：字节跳动,1
custom_00332,custom_00332.docx,docx,财务文档,L3,运维部门预算审批单,1
custom_00333,custom_00333.docx,docx,合同协议,L3,技术合作框架协议,1
custom_00334,custom_00334.docx,docx,合同协议,L3,保密协议 - 华为,1
custom_00335,custom_00335.docx,docx,财务文档,L3,财务部门预算审批单,1
custom_00336,custom_00336.docx,docx,合同协议,L3,技术合作框架协议,1
custom_00337,custom_00337.docx,docx,财务文档,L3,费用报销审批：设备采购,1
custom_00338,custom_00338.docx,docx,合同协议,L3,数据处理协议 - 百度,1
custom_00339,custom_00339.docx,docx,财务文档,L3,法务部门预算审批单,1
custom_00340,custom_00340.docx,docx,财务文档,L3,市场部门预算审批单,1
custom_00341,custom_00341.docx,docx,财务文档,L3,2025年Q3财务报表,1
custom_00342,custom_00342.docx,docx,合同协议,L3,技术合作框架协议,1
custom_00343,custom_00343.docx,docx,财务文档,L3,人力部门预算审批单,1
custom_00344,custom_00344.docx,docx,合同协议,L3,保密协议 - 百度,1
custom_00345,custom_00345.docx,docx,财务文档,L3,技术部门预算审批单,1
custom_00346,custom_00346.docx,docx,财务文档,L3,采购合同：腾讯,1
custom_00347,custom_00347.docx,docx,财务文档,L3,2023年Q1财务报表,1
custom_00348,custom_00348.docx,docx,合同协议,L3,数据处理协议 - 京东,1
custom_00349,custom_00349.docx,docx,财务文档,L3,数据部门预算审批单,1
custom_00350,custom_00350.docx,docx,财务文档,L3,2023年Q1财务报表,1
custom_00351,custom_00351.docx,docx,财务文档,L3,2024年Q4财务报表,1
custom_00352,custom_00352.docx,docx,财务文档,L3,安全部门预算审批单,1
custom_00353,custom_00353.docx,docx,合同协议,L3,技术合作框架协议,1
custom_00354,custom_00354.docx,docx,财务文档,L3,2025年Q3财务报表,1
custom_00355,custom_00355.docx,docx,财务文档,L3,2024年Q2财务报表,1
custom_00356,custom_00356.docx,docx,财务文档,L3,2023年Q2财务报表,1
custom_00357,custom_00357.docx,docx,财务文档,L3,2024年Q4财务报表,1
custom_00358,custom_00358.docx,docx,合同协议,L3,技术合作框架协议,1
custom_00359,custom_00359.docx,docx,财务文档,L3,数据部门预算审批单,1
custom_00360,custom_00360.docx,docx,财务文档,L3,2025年Q2财务报表,1
custom_00361,custom_00361.docx,docx,合同协议,L3,保密协议 - 美团,1
custom_00362,custom_00362.docx,docx,财务文档,L3,采购合同：百度,1
custom_00363,custom_00363.docx,docx,财务文档,L3,费用报销审批：培训费用,1
custom_00364,custom_00364.docx,docx,合同协议,L3,保密协议 - 京东,1
custom_00365,custom_00365.docx,docx,财务文档,L3,费用报销审批：培训费用,1
custom_00366,custom_00366.docx,docx,财务文档,L3,财务部门预算审批单,1
custom_00367,custom_00367.docx,docx,财务文档,L3,技术部门预算审批单,1
custom_00368,custom_00368.docx,docx,财务文档,L3,财务部门预算审批单,1
custom_00369,custom_00369.docx,docx,财务文档,L3,采购合同：字节跳动,1
custom_00370,custom_00370.docx,docx,合同协议,L3,保密协议 - 阿里云,1
custom_00371,custom_00371.docx,docx,财务文档,L3,2024年Q4财务报表,1
custom_00372,custom_00372.docx,docx,财务文档,L3,采购合同：字节跳动,1
custom_00373,custom_00373.docx,docx,合同协议,L3,数据处理协议 - 腾讯,1
custom_00374,custom_00374.docx,docx,财务文档,L3,费用报销审批：咨询服务,1
custom_00375,custom_00375.docx,docx,合同协议,L3,保密协议 - 华为,1
custom_00376,custom_00376.docx,docx,合同协议,L3,保密协议 - 阿里云,1
custom_00377,custom_00377.docx,docx,合同协议,L3,数据处理协议 - 腾讯,1
custom_00378,custom_00378.docx,docx,财务文档,L3,2023年Q2财务报表,1
custom_00379,custom_00379.docx,docx,财务文档,L3,费用报销审批：云资源扩容,1
custom_00380,custom_00380.docx,docx,核心技术,L4,密钥管理方案,1
custom_00381,custom_00381.docx,docx,核心技术,L4,密钥管理方案,1
custom_00382,custom_00382.docx,docx,核心技术,L4,漏洞分析报告：CVE-2024-18021,1
custom_00383,custom_00383.docx,docx,核心技术,L4,漏洞分析报告：CVE-2024-16831,1
custom_00384,custom_00384.docx,docx,敏感人事,L4,高管薪酬方案 - 2024,1
custom_00385,custom_00385.docx,docx,核心技术,L4,密钥管理方案,1
custom_00386,custom_00386.docx,docx,核心技术,L4,系统安全架构设计 v1.2,1
custom_00387,custom_00387.docx,docx,核心技术,L4,系统安全架构设计 v1.2,1
custom_00388,custom_00388.docx,docx,敏感人事,L4,组织架构调整方案（草案）,1
custom_00389,custom_00389.docx,docx,敏感人事,L4,裁员计划：产品部门,1
custom_00390,custom_00390.docx,docx,敏感人事,L4,高管薪酬方案 - 2024,1
custom_00391,custom_00391.docx,docx,敏感人事,L4,裁员计划：人力部门,1
custom_00392,custom_00392.docx,docx,核心技术,L4,系统安全架构设计 v1.8,1
custom_00393,custom_00393.docx,docx,核心技术,L4,核心算法设计文档：索引算法,1
custom_00394,custom_00394.docx,docx,核心技术,L4,核心算法设计文档：加密方案,1
custom_00395,custom_00395.docx,docx,敏感人事,L4,高管薪酬方案 - 2024,1
custom_00396,custom_00396.docx,docx,核心技术,L4,系统安全架构设计 v1.9,1
custom_00397,custom_00397.docx,docx,核心技术,L4,密钥管理方案,1
custom_00398,custom_00398.docx,docx,核心技术,L4,系统安全架构设计 v1.0,1
custom_00399,custom_00399.docx,docx,敏感人事,L4,高管薪酬方案 - 2024,1
custom_00400,custom_00400.docx,docx,核心技术,L4,密钥管理方案,1
custom_00401,custom_00401.docx,docx,核心技术,L4,密钥管理方案,1
custom_00402,custom_00402.docx,docx,核心技术,L4,系统安全架构设计 v3.1,1
custom_00403,custom_00403.docx,docx,核心技术,L4,核心算法设计文档：推荐引擎,1
custom_00404,custom_00404.docx,docx,核心技术,L4,密钥管理方案,1
custom_00405,custom_00405.docx,docx,核心技术,L4,漏洞分析报告：CVE-2024-42620,1
custom_00406,custom_00406.docx,docx,核心技术,L4,系统安全架构设计 v2.4,1
custom_00407,custom_00407.docx,docx,敏感人事,L4,裁员计划：财务部门,1
custom_00408,custom_00408.docx,docx,核心技术,L4,系统安全架构设计 v1.6,1
custom_00409,custom_00409.docx,docx,核心技术,L4,漏洞分析报告：CVE-2024-92656,1
custom_00410,custom_00410.docx,docx,核心技术,L4,漏洞分析报告：CVE-2024-22306,1
custom_00411,custom_00411.docx,docx,核心技术,L4,系统安全架构设计 v3.8,1
custom_00412,custom_00412.docx,docx,敏感人事,L4,裁员计划：产品部门,1
custom_00413,custom_00413.docx,docx,敏感人事,L4,高管薪酬方案 - 2024,1
custom_00414,custom_00414.docx,docx,敏感人事,L4,高管薪酬方案 - 2024,1
custom_00415,custom_00415.docx,docx,敏感人事,L4,高管薪酬方案 - 2024,1
custom_00416,custom_00416.docx,docx,敏感人事,L4,组织架构调整方案（草案）,1
custom_00417,custom_00417.docx,docx,核心技术,L4,系统安全架构设计 v1.0,1
custom_00418,custom_00418.docx,docx,敏感人事,L4,裁员计划：数据部门,1
custom_00419,custom_00419.docx,docx,敏感人事,L4,裁员计划：运维部门,1
custom_00420,custom_00420.docx,docx,核心技术,L4,系统安全架构设计 v2.8,1
custom_00421,custom_00421.docx,docx,核心技术,L4,密钥管理方案,1
custom_00422,custom_00422.docx,docx,敏感人事,L4,裁员计划：市场部门,1
custom_00423,custom_00423.docx,docx,敏感人事,L4,裁员计划：法务部门,1
custom_00424,custom_00424.docx,docx,敏感人事,L4,裁员计划：运维部门,1
custom_00425,custom_00425.docx,docx,敏感人事,L4,组织架构调整方案（草案）,1
custom_00426,custom_00426.docx,docx,核心技术,L4,密钥管理方案,1
custom_00427,custom_00427.docx,docx,敏感人事,L4,高管薪酬方案 - 2024,1
custom_00428,custom_00428.docx,docx,核心技术,L4,系统安全架构设计 v2.8,1
custom_00429,custom_00429.docx,docx,敏感人事,L4,高管薪酬方案 - 2024,1
custom_00430,custom_00430.docx,docx,敏感人事,L4,裁员计划：人力部门,1
custom_00431,custom_00431.docx,docx,敏感人事,L4,高管薪酬方案 - 2023,1
custom_00432,custom_00432.docx,docx,核心技术,L4,密钥管理方案,1
custom_00433,custom_00433.docx,docx,敏感人事,L4,裁员计划：产品部门,1
custom_00434,custom_00434.docx,docx,敏感人事,L4,裁员计划：产品部门,1
custom_00435,custom_00435.docx,docx,核心技术,L4,密钥管理方案,1
custom_00436,custom_00436.docx,docx,核心技术,L4,漏洞分析报告：CVE-2024-71150,1
custom_00437,custom_00437.docx,docx,核心技术,L4,系统安全架构设计 v1.6,1
custom_00438,custom_00438.docx,docx,敏感人事,L4,组织架构调整方案（草案）,1
custom_00439,custom_00439.docx,docx,核心技术,L4,漏洞分析报告：CVE-2024-85459,1
custom_00440,custom_00440.docx,docx,敏感人事,L4,组织架构调整方案（草案）,1
custom_00441,custom_00441.docx,docx,敏感人事,L4,高管薪酬方案 - 2023,1
custom_00442,custom_00442.docx,docx,核心技术,L4,系统安全架构设计 v2.0,1
custom_00443,custom_00443.docx,docx,敏感人事,L4,高管薪酬方案 - 2024,1
custom_00444,custom_00444.docx,docx,敏感人事,L4,高管薪酬方案 - 2025,1
custom_00445,custom_00445.docx,docx,敏感人事,L4,组织架构调整方案（草案）,1
custom_00446,custom_00446.docx,docx,敏感人事,L4,裁员计划：市场部门,1
custom_00447,custom_00447.docx,docx,敏感人事,L4,裁员计划：运维部门,1
custom_00448,custom_00448.docx,docx,核心技术,L4,核心算法设计文档：特征召回链路,1
custom_00449,custom_00449.docx,docx,敏感人事,L4,裁员计划：运维部门,1
custom_00450,custom_00450.docx,docx,核心技术,L4,系统安全架构设计 v3.5,1
custom_00451,custom_00451.docx,docx,核心技术,L4,核心算法设计文档：风控模型,1
custom_00452,custom_00452.docx,docx,敏感人事,L4,裁员计划：市场部门,1
custom_00453,custom_00453.docx,docx,核心技术,L4,漏洞分析报告：CVE-2024-63433,1
custom_00454,custom_00454.docx,docx,核心技术,L4,核心算法设计文档：推荐引擎,1
custom_00455,custom_00455.docx,docx,核心技术,L4,系统安全架构设计 v2.8,1
custom_00456,custom_00456.docx,docx,敏感人事,L4,组织架构调整方案（草案）,1
custom_00457,custom_00457.docx,docx,敏感人事,L4,高管薪酬方案 - 2023,1
custom_00458,custom_00458.docx,docx,敏感人事,L4,组织架构调整方案（草案）,1
custom_00459,custom_00459.docx,docx,核心技术,L4,系统安全架构设计 v3.9,1
custom_00460,custom_00460.docx,docx,核心技术,L4,系统安全架构设计 v2.0,1
custom_00461,custom_00461.docx,docx,敏感人事,L4,裁员计划：产品部门,1
custom_00462,custom_00462.docx,docx,核心技术,L4,漏洞分析报告：CVE-2024-98696,1
custom_00463,custom_00463.docx,docx,敏感人事,L4,裁员计划：产品部门,1
custom_00464,custom_00464.docx,docx,敏感人事,L4,裁员计划：安全部门,1
custom_00465,custom_00465.docx,docx,核心技术,L4,漏洞分析报告：CVE-2024-29516,1
custom_00466,custom_00466.docx,docx,核心技术,L4,漏洞分析报告：CVE-2024-86564,1
custom_00467,custom_00467.docx,docx,敏感人事,L4,高管薪酬方案 - 2023,1
custom_00468,custom_00468.docx,docx,敏感人事,L4,裁员计划：法务部门,1
custom_00469,custom_00469.docx,docx,敏感人事,L4,组织架构调整方案（草案）,1
custom_00470,custom_00470.docx,docx,核心技术,L4,核心算法设计文档：风控模型,1
custom_00471,custom_00471.docx,docx,敏感人事,L4,组织架构调整方案（草案）,1
custom_00472,custom_00472.docx,docx,核心技术,L4,密钥管理方案,1
custom_00473,custom_00473.docx,docx,核心技术,L4,密钥管理方案,1
custom_00474,custom_00474.docx,docx,敏感人事,L4,高管薪酬方案 - 2024,1
custom_00475,custom_00475.docx,docx,敏感人事,L4,组织架构调整方案（草案）,1
custom_00476,custom_00476.docx,docx,敏感人事,L4,组织架构调整方案（草案）,1
custom_00477,custom_00477.docx,docx,核心技术,L4,漏洞分析报告：CVE-2024-60763,1
custom_00478,custom_00478.docx,docx,敏感人事,L4,裁员计划：安全部门,1
custom_00479,custom_00479.docx,docx,敏感人事,L4,裁员计划：市场部门,1
custom_00480,custom_00480.docx,docx,敏感人事,L4,高管薪酬方案 - 2024,1
custom_00481,custom_00481.docx,docx,核心技术,L4,系统安全架构设计 v3.8,1
custom_00482,custom_00482.docx,docx,敏感人事,L4,组织架构调整方案（草案）,1
custom_00483,custom_00483.docx,docx,敏感人事,L4,裁员计划：财务部门,1
custom_00484,custom_00484.docx,docx,敏感人事,L4,高管薪酬方案 - 2025,1
custom_00485,custom_00485.docx,docx,核心技术,L4,漏洞分析报告：CVE-2024-59820,1
custom_00486,custom_00486.docx,docx,敏感人事,L4,组织架构调整方案（草案）,1
custom_00487,custom_00487.docx,docx,核心技术,L4,密钥管理方案,1
custom_00488,custom_00488.docx,docx,核心技术,L4,系统安全架构设计 v3.2,1
custom_00489,custom_00489.docx,docx,敏感人事,L4,组织架构调整方案（草案）,1
custom_00490,custom_00490.docx,docx,核心技术,L4,核心算法设计文档：加密方案,1
custom_00491,custom_00491.docx,docx,敏感人事,L4,组织架构调整方案（草案）,1
custom_00492,custom_00492.docx,docx,核心技术,L4,核心算法设计文档：加密方案,1
custom_00493,custom_00493.docx,docx,敏感人事,L4,裁员计划：技术部门,1
custom_00494,custom_00494.docx,docx,核心技术,L4,密钥管理方案,1
custom_00495,custom_00495.docx,docx,敏感人事,L4,组织架构调整方案（草案）,1
custom_00496,custom_00496.docx,docx,核心技术,L4,系统安全架构设计 v1.8,1
custom_00497,custom_00497.docx,docx,敏感人事,L4,裁员计划：运维部门,1
custom_00498,custom_00498.docx,docx,核心技术,L4,密钥管理方案,1
custom_00499,custom_00499.docx,docx,核心技术,L4,密钥管理方案,1
custom_00500,custom_00500.xlsx,xlsx,公开报告,L1,产品使用手册 v3.7,1
custom_00501,custom_00501.xlsx,xlsx,公开报告,L1,2025年度企业社会责任报告,1
custom_00502,custom_00502.xlsx,xlsx,公开报告,L1,技术白皮书：隐私合规实践,1
custom_00503,custom_00503.xlsx,xlsx,行政通知,L1,员工手册更新说明,1
custom_00504,custom_00504.xlsx,xlsx,行政通知,L1,关于3月考勤安排的通知,1
custom_00505,custom_00505.xlsx,xlsx,行政通知,L1,关于2月考勤安排的通知,1
custom_00506,custom_00506.xlsx,xlsx,公开报告,L1,2025年度企业社会责任报告,1
custom_00507,custom_00507.xlsx,xlsx,公开报告,L1,2025年度企业社会责任报告,1
custom_00508,custom_00508.xlsx,xlsx,行政通知,L1,安全部门培训计划,1
custom_00509,custom_00509.xlsx,xlsx,行政通知,L1,员工手册更新说明,1
custom_00510,custom_00510.xlsx,xlsx,行政通知,L1,办公区域管理规定,1
custom_00511,custom_00511.xlsx,xlsx,行政通知,L1,员工手册更新说明,1
custom_00512,custom_00512.xlsx,xlsx,行政通知,L1,数据部门培训计划,1
custom_00513,custom_00513.xlsx,xlsx,公开报告,L1,产品使用手册 v1.6,1
custom_00514,custom_00514.xlsx,xlsx,行政通知,L1,人力部门培训计划,1
custom_00515,custom_00515.xlsx,xlsx,公开报告,L1,技术白皮书：隐私合规实践,1
custom_00516,custom_00516.xlsx,xlsx,公开报告,L1,产品使用手册 v1.3,1
custom_00517,custom_00517.xlsx,xlsx,行政通知,L1,关于11月考勤安排的通知,1
custom_00518,custom_00518.xlsx,xlsx,公开报告,L1,2025年度企业社会责任报告,1
custom_00519,custom_00519.xlsx,xlsx,公开报告,L1,2025年度企业社会责任报告,1
custom_00520,custom_00520.xlsx,xlsx,公开报告,L1,2023年度企业社会责任报告,1
custom_00521,custom_00521.xlsx,xlsx,公开报告,L1,技术白皮书：产品服务能力,1
custom_00522,custom_00522.xlsx,xlsx,公开报告,L1,2025年度企业社会责任报告,1
custom_00523,custom_00523.xlsx,xlsx,公开报告,L1,技术白皮书：隐私合规实践,1
custom_00524,custom_00524.xlsx,xlsx,公开报告,L1,产品使用手册 v2.9,1
custom_00525,custom_00525.xlsx,xlsx,公开报告,L1,2023年度企业社会责任报告,1
custom_00526,custom_00526.xlsx,xlsx,公开报告,L1,技术白皮书：隐私合规实践,1
custom_00527,custom_00527.xlsx,xlsx,公开报告,L1,2023年度企业社会责任报告,1
custom_00528,custom_00528.xlsx,xlsx,行政通知,L1,办公区域管理规定,1
custom_00529,custom_00529.xlsx,xlsx,行政通知,L1,假期安排通知,1
custom_00530,custom_00530.xlsx,xlsx,行政通知,L1,数据部门培训计划,1
custom_00531,custom_00531.xlsx,xlsx,行政通知,L1,关于10月考勤安排的通知,1
custom_00532,custom_00532.xlsx,xlsx,行政通知,L1,假期安排通知,1
custom_00533,custom_00533.xlsx,xlsx,行政通知,L1,关于6月考勤安排的通知,1
custom_00534,custom_00534.xlsx,xlsx,行政通知,L1,假期安排通知,1
custom_00535,custom_00535.xlsx,xlsx,公开报告,L1,技术白皮书：客户成功体系,1
custom_00536,custom_00536.xlsx,xlsx,行政通知,L1,关于2月考勤安排的通知,1
custom_00537,custom_00537.xlsx,xlsx,行政通知,L1,员工手册更新说明,1
custom_00538,custom_00538.xlsx,xlsx,行政通知,L1,技术部门培训计划,1
custom_00539,custom_00539.xlsx,xlsx,公开报告,L1,产品使用手册 v1.1,1
custom_00540,custom_00540.xlsx,xlsx,行政通知,L1,员工手册更新说明,1
custom_00541,custom_00541.xlsx,xlsx,公开报告,L1,技术白皮书：数据安全治理,1
custom_00542,custom_00542.xlsx,xlsx,行政通知,L1,关于9月考勤安排的通知,1
custom_00543,custom_00543.xlsx,xlsx,公开报告,L1,2023年度企业社会责任报告,1
custom_00544,custom_00544.xlsx,xlsx,公开报告,L1,2024年度企业社会责任报告,1
custom_00545,custom_00545.xlsx,xlsx,行政通知,L1,员工手册更新说明,1
custom_00546,custom_00546.xlsx,xlsx,公开报告,L1,2025年度企业社会责任报告,1
custom_00547,custom_00547.xlsx,xlsx,行政通知,L1,数据部门培训计划,1
custom_00548,custom_00548.xlsx,xlsx,行政通知,L1,法务部门培训计划,1
custom_00549,custom_00549.xlsx,xlsx,行政通知,L1,关于4月考勤安排的通知,1
custom_00550,custom_00550.xlsx,xlsx,行政通知,L1,关于3月考勤安排的通知,1
custom_00551,custom_00551.xlsx,xlsx,行政通知,L1,办公区域管理规定,1
custom_00552,custom_00552.xlsx,xlsx,行政通知,L1,安全部门培训计划,1
custom_00553,custom_00553.xlsx,xlsx,公开报告,L1,产品使用手册 v2.3,1
custom_00554,custom_00554.xlsx,xlsx,行政通知,L1,办公区域管理规定,1
custom_00555,custom_00555.xlsx,xlsx,公开报告,L1,产品使用手册 v1.1,1
custom_00556,custom_00556.xlsx,xlsx,行政通知,L1,关于9月考勤安排的通知,1
custom_00557,custom_00557.xlsx,xlsx,公开报告,L1,2024年度企业社会责任报告,1
custom_00558,custom_00558.xlsx,xlsx,行政通知,L1,假期安排通知,1
custom_00559,custom_00559.xlsx,xlsx,行政通知,L1,假期安排通知,1
custom_00560,custom_00560.xlsx,xlsx,内部备忘,L2,关于Titan项目进度的备忘录,1
custom_00561,custom_00561.xlsx,xlsx,内部备忘,L2,会议纪要：需求收敛讨论会,1
custom_00562,custom_00562.xlsx,xlsx,项目文档,L2,系统架构设计文档 - 日志平台,1
custom_00563,custom_00563.xlsx,xlsx,项目文档,L2,系统架构设计文档 - 消息队列,1
custom_00564,custom_00564.xlsx,xlsx,项目文档,L2,系统架构设计文档 - 消息队列,1
custom_00565,custom_00565.xlsx,xlsx,项目文档,L2,Phoenix需求规格说明书,1
custom_00566,custom_00566.xlsx,xlsx,内部备忘,L2,关于Apex项目进度的备忘录,1
custom_00567,custom_00567.xlsx,xlsx,项目文档,L2,系统架构设计文档 - 数据层,1
custom_00568,custom_00568.xlsx,xlsx,内部备忘,L2,内部沟通：预算使用事项,1
custom_00569,custom_00569.xlsx,xlsx,内部备忘,L2,关于Titan项目进度的备忘录,1
custom_00570,custom_00570.xlsx,xlsx,项目文档,L2,Omega测试报告,1
custom_00571,custom_00571.xlsx,xlsx,内部备忘,L2,技术部门周报 - 第14周,1
custom_00572,custom_00572.xlsx,xlsx,内部备忘,L2,会议纪要：风险复盘讨论会,1
custom_00573,custom_00573.xlsx,xlsx,内部备忘,L2,会议纪要：资源协调讨论会,1
custom_00574,custom_00574.xlsx,xlsx,项目文档,L2,Nebula需求规格说明书,1
custom_00575,custom_00575.xlsx,xlsx,项目文档,L2,Titan测试报告,1
custom_00576,custom_00576.xlsx,xlsx,项目文档,L2,Atlas测试报告,1
custom_00577,custom_00577.xlsx,xlsx,项目文档,L2,系统架构设计文档 - 认证模块,1
custom_00578,custom_00578.xlsx,xlsx,内部备忘,L2,市场部门周报 - 第14周,1
custom_00579,custom_00579.xlsx,xlsx,项目文档,L2,Apex需求规格说明书,1
custom_00580,custom_00580.xlsx,xlsx,内部备忘,L2,技术部门周报 - 第2周,1
custom_00581,custom_00581.xlsx,xlsx,项目文档,L2,Nebula需求规格说明书,1
custom_00582,custom_00582.xlsx,xlsx,内部备忘,L2,法务部门周报 - 第23周,1
custom_00583,custom_00583.xlsx,xlsx,内部备忘,L2,关于Nebula项目进度的备忘录,1
custom_00584,custom_00584.xlsx,xlsx,内部备忘,L2,会议纪要：资源协调讨论会,1
custom_00585,custom_00585.xlsx,xlsx,内部备忘,L2,内部沟通：风险复盘事项,1
custom_00586,custom_00586.xlsx,xlsx,内部备忘,L2,内部沟通：预算使用事项,1
custom_00587,custom_00587.xlsx,xlsx,项目文档,L2,Apex需求规格说明书,1
custom_00588,custom_00588.xlsx,xlsx,内部备忘,L2,关于Nova项目进度的备忘录,1
custom_00589,custom_00589.xlsx,xlsx,项目文档,L2,Nebula测试报告,1
custom_00590,custom_00590.xlsx,xlsx,项目文档,L2,系统架构设计文档 - API网关,1
custom_00591,custom_00591.xlsx,xlsx,内部备忘,L2,产品部门周报 - 第18周,1
custom_00592,custom_00592.xlsx,xlsx,内部备忘,L2,关于Omega项目进度的备忘录,1
custom_00593,custom_00593.xlsx,xlsx,项目文档,L2,Phoenix测试报告,1
custom_00594,custom_00594.xlsx,xlsx,内部备忘,L2,关于Nebula项目进度的备忘录,1
custom_00595,custom_00595.xlsx,xlsx,项目文档,L2,Nova测试报告,1
custom_00596,custom_00596.xlsx,xlsx,项目文档,L2,Apex需求规格说明书,1
custom_00597,custom_00597.xlsx,xlsx,项目文档,L2,Titan测试报告,1
custom_00598,custom_00598.xlsx,xlsx,内部备忘,L2,内部沟通：需求收敛事项,1
custom_00599,custom_00599.xlsx,xlsx,项目文档,L2,Atlas需求规格说明书,1
custom_00600,custom_00600.xlsx,xlsx,项目文档,L2,Titan需求规格说明书,1
custom_00601,custom_00601.xlsx,xlsx,项目文档,L2,Nebula需求规格说明书,1
custom_00602,custom_00602.xlsx,xlsx,内部备忘,L2,内部沟通：预算使用事项,1
custom_00603,custom_00603.xlsx,xlsx,项目文档,L2,系统架构设计文档 - API网关,1
custom_00604,custom_00604.xlsx,xlsx,内部备忘,L2,会议纪要：预算使用讨论会,1
custom_00605,custom_00605.xlsx,xlsx,项目文档,L2,Apex需求规格说明书,1
custom_00606,custom_00606.xlsx,xlsx,项目文档,L2,Omega测试报告,1
custom_00607,custom_00607.xlsx,xlsx,项目文档,L2,Atlas需求规格说明书,1
custom_00608,custom_00608.xlsx,xlsx,项目文档,L2,Atlas需求规格说明书,1
custom_00609,custom_00609.xlsx,xlsx,内部备忘,L2,数据部门周报 - 第23周,1
custom_00610,custom_00610.xlsx,xlsx,项目文档,L2,Atlas测试报告,1
custom_00611,custom_00611.xlsx,xlsx,内部备忘,L2,安全部门周报 - 第35周,1
custom_00612,custom_00612.xlsx,xlsx,内部备忘,L2,会议纪要：系统升级讨论会,1
custom_00613,custom_00613.xlsx,xlsx,项目文档,L2,系统架构设计文档 - 日志平台,1
custom_00614,custom_00614.xlsx,xlsx,项目文档,L2,Nebula需求规格说明书,1
custom_00615,custom_00615.xlsx,xlsx,项目文档,L2,Apex测试报告,1
custom_00616,custom_00616.xlsx,xlsx,项目文档,L2,Phoenix测试报告,1
custom_00617,custom_00617.xlsx,xlsx,内部备忘,L2,关于Titan项目进度的备忘录,1
custom_00618,custom_00618.xlsx,xlsx,项目文档,L2,系统架构设计文档 - 日志平台,1
custom_00619,custom_00619.xlsx,xlsx,项目文档,L2,Titan需求规格说明书,1
custom_00620,custom_00620.xlsx,xlsx,项目文档,L2,Phoenix需求规格说明书,1
custom_00621,custom_00621.xlsx,xlsx,内部备忘,L2,关于Apex项目进度的备忘录,1
custom_00622,custom_00622.xlsx,xlsx,内部备忘,L2,内部沟通：风险复盘事项,1
custom_00623,custom_00623.xlsx,xlsx,项目文档,L2,Atlas测试报告,1
custom_00624,custom_00624.xlsx,xlsx,内部备忘,L2,内部沟通：系统升级事项,1
custom_00625,custom_00625.xlsx,xlsx,项目文档,L2,Nova需求规格说明书,1
custom_00626,custom_00626.xlsx,xlsx,项目文档,L2,Nova需求规格说明书,1
custom_00627,custom_00627.xlsx,xlsx,项目文档,L2,Atlas测试报告,1
custom_00628,custom_00628.xlsx,xlsx,内部备忘,L2,内部沟通：风险复盘事项,1
custom_00629,custom_00629.xlsx,xlsx,项目文档,L2,Nova测试报告,1
custom_00630,custom_00630.xlsx,xlsx,内部备忘,L2,内部沟通：预算使用事项,1
custom_00631,custom_00631.xlsx,xlsx,项目文档,L2,Apex测试报告,1
custom_00632,custom_00632.xlsx,xlsx,项目文档,L2,Apex需求规格说明书,1
custom_00633,custom_00633.xlsx,xlsx,项目文档,L2,Atlas测试报告,1
custom_00634,custom_00634.xlsx,xlsx,内部备忘,L2,内部沟通：资源协调事项,1
custom_00635,custom_00635.xlsx,xlsx,项目文档,L2,Nebula需求规格说明书,1
custom_00636,custom_00636.xlsx,xlsx,项目文档,L2,系统架构设计文档 - API网关,1
custom_00637,custom_00637.xlsx,xlsx,项目文档,L2,系统架构设计文档 - 日志平台,1
custom_00638,custom_00638.xlsx,xlsx,内部备忘,L2,会议纪要：预算使用讨论会,1
custom_00639,custom_00639.xlsx,xlsx,项目文档,L2,系统架构设计文档 - 认证模块,1
custom_00640,custom_00640.xlsx,xlsx,内部备忘,L2,会议纪要：资源协调讨论会,1
custom_00641,custom_00641.xlsx,xlsx,内部备忘,L2,安全部门周报 - 第24周,1
custom_00642,custom_00642.xlsx,xlsx,内部备忘,L2,会议纪要：资源协调讨论会,1
custom_00643,custom_00643.xlsx,xlsx,项目文档,L2,系统架构设计文档 - API网关,1
custom_00644,custom_00644.xlsx,xlsx,项目文档,L2,Titan测试报告,1
custom_00645,custom_00645.xlsx,xlsx,项目文档,L2,Nebula测试报告,1
custom_00646,custom_00646.xlsx,xlsx,项目文档,L2,系统架构设计文档 - 日志平台,1
custom_00647,custom_00647.xlsx,xlsx,内部备忘,L2,关于Titan项目进度的备忘录,1
custom_00648,custom_00648.xlsx,xlsx,内部备忘,L2,关于Atlas项目进度的备忘录,1
custom_00649,custom_00649.xlsx,xlsx,内部备忘,L2,关于Atlas项目进度的备忘录,1
custom_00650,custom_00650.xlsx,xlsx,财务文档,L3,2023年Q3财务报表,1
custom_00651,custom_00651.xlsx,xlsx,合同协议,L3,技术合作框架协议,1
custom_00652,custom_00652.xlsx,xlsx,合同协议,L3,保密协议 - 美团,1
custom_00653,custom_00653.xlsx,xlsx,合同协议,L3,数据处理协议 - 华为,1
custom_00654,custom_00654.xlsx,xlsx,合同协议,L3,技术合作框架协议,1
custom_00655,custom_00655.xlsx,xlsx,财务文档,L3,采购合同：阿里云,1
custom_00656,custom_00656.xlsx,xlsx,合同协议,L3,技术合作框架协议,1
custom_00657,custom_00657.xlsx,xlsx,合同协议,L3,数据处理协议 - 阿里云,1
custom_00658,custom_00658.xlsx,xlsx,财务文档,L3,2023年Q3财务报表,1
custom_00659,custom_00659.xlsx,xlsx,财务文档,L3,2023年Q1财务报表,1
custom_00660,custom_00660.xlsx,xlsx,财务文档,L3,财务部门预算审批单,1
custom_00661,custom_00661.xlsx,xlsx,财务文档,L3,费用报销审批：云资源扩容,1
custom_00662,custom_00662.xlsx,xlsx,合同协议,L3,数据处理协议 - 腾讯,1
custom_00663,custom_00663.xlsx,xlsx,财务文档,L3,运维部门预算审批单,1
custom_00664,custom_00664.xlsx,xlsx,合同协议,L3,保密协议 - 字节跳动,1
custom_00665,custom_00665.xlsx,xlsx,财务文档,L3,采购合同：腾讯,1
custom_00666,custom_00666.xlsx,xlsx,合同协议,L3,数据处理协议 - 字节跳动,1
custom_00667,custom_00667.xlsx,xlsx,合同协议,L3,数据处理协议 - 百度,1
custom_00668,custom_00668.xlsx,xlsx,财务文档,L3,产品部门预算审批单,1
custom_00669,custom_00669.xlsx,xlsx,财务文档,L3,2025年Q3财务报表,1
custom_00670,custom_00670.xlsx,xlsx,合同协议,L3,数据处理协议 - 腾讯,1
custom_00671,custom_00671.xlsx,xlsx,合同协议,L3,数据处理协议 - 字节跳动,1
custom_00672,custom_00672.xlsx,xlsx,合同协议,L3,技术合作框架协议,1
custom_00673,custom_00673.xlsx,xlsx,财务文档,L3,费用报销审批：设备采购,1
custom_00674,custom_00674.xlsx,xlsx,财务文档,L3,费用报销审批：培训费用,1
custom_00675,custom_00675.xlsx,xlsx,合同协议,L3,保密协议 - 华为,1
custom_00676,custom_00676.xlsx,xlsx,财务文档,L3,2025年Q1财务报表,1
custom_00677,custom_00677.xlsx,xlsx,财务文档,L3,费用报销审批：云资源扩容,1
custom_00678,custom_00678.xlsx,xlsx,合同协议,L3,数据处理协议 - 阿里云,1
custom_00679,custom_00679.xlsx,xlsx,财务文档,L3,数据部门预算审批单,1
custom_00680,custom_00680.xlsx,xlsx,合同协议,L3,技术合作框架协议,1
custom_00681,custom_00681.xlsx,xlsx,财务文档,L3,采购合同：美团,1
custom_00682,custom_00682.xlsx,xlsx,财务文档,L3,费用报销审批：培训费用,1
custom_00683,custom_00683.xlsx,xlsx,财务文档,L3,2024年Q2财务报表,1
custom_00684,custom_00684.xlsx,xlsx,合同协议,L3,数据处理协议 - 华为,1
custom_00685,custom_00685.xlsx,xlsx,合同协议,L3,数据处理协议 - 百度,1
custom_00686,custom_00686.xlsx,xlsx,合同协议,L3,保密协议 - 阿里云,1
custom_00687,custom_00687.xlsx,xlsx,合同协议,L3,数据处理协议 - 字节跳动,1
custom_00688,custom_00688.xlsx,xlsx,财务文档,L3,采购合同：京东,1
custom_00689,custom_00689.xlsx,xlsx,财务文档,L3,数据部门预算审批单,1
custom_00690,custom_00690.xlsx,xlsx,财务文档,L3,采购合同：百度,1
custom_00691,custom_00691.xlsx,xlsx,财务文档,L3,技术部门预算审批单,1
custom_00692,custom_00692.xlsx,xlsx,财务文档,L3,运维部门预算审批单,1
custom_00693,custom_00693.xlsx,xlsx,财务文档,L3,采购合同：百度,1
custom_00694,custom_00694.xlsx,xlsx,财务文档,L3,产品部门预算审批单,1
custom_00695,custom_00695.xlsx,xlsx,财务文档,L3,2024年Q4财务报表,1
custom_00696,custom_00696.xlsx,xlsx,财务文档,L3,采购合同：美团,1
custom_00697,custom_00697.xlsx,xlsx,财务文档,L3,费用报销审批：云资源扩容,1
custom_00698,custom_00698.xlsx,xlsx,财务文档,L3,市场部门预算审批单,1
custom_00699,custom_00699.xlsx,xlsx,财务文档,L3,2024年Q4财务报表,1
custom_00700,custom_00700.xlsx,xlsx,合同协议,L3,保密协议 - 字节跳动,1
custom_00701,custom_00701.xlsx,xlsx,合同协议,L3,技术合作框架协议,1
custom_00702,custom_00702.xlsx,xlsx,合同协议,L3,数据处理协议 - 美团,1
custom_00703,custom_00703.xlsx,xlsx,财务文档,L3,2023年Q3财务报表,1
custom_00704,custom_00704.xlsx,xlsx,合同协议,L3,保密协议 - 京东,1
custom_00705,custom_00705.xlsx,xlsx,合同协议,L3,技术合作框架协议,1
custom_00706,custom_00706.xlsx,xlsx,合同协议,L3,技术合作框架协议,1
custom_00707,custom_00707.xlsx,xlsx,财务文档,L3,财务部门预算审批单,1
custom_00708,custom_00708.xlsx,xlsx,财务文档,L3,费用报销审批：咨询服务,1
custom_00709,custom_00709.xlsx,xlsx,合同协议,L3,技术合作框架协议,1
custom_00710,custom_00710.xlsx,xlsx,合同协议,L3,数据处理协议 - 字节跳动,1
custom_00711,custom_00711.xlsx,xlsx,合同协议,L3,技术合作框架协议,1
custom_00712,custom_00712.xlsx,xlsx,合同协议,L3,技术合作框架协议,1
custom_00713,custom_00713.xlsx,xlsx,财务文档,L3,2023年Q3财务报表,1
custom_00714,custom_00714.xlsx,xlsx,合同协议,L3,数据处理协议 - 华为,1
custom_00715,custom_00715.xlsx,xlsx,财务文档,L3,2025年Q3财务报表,1
custom_00716,custom_00716.xlsx,xlsx,财务文档,L3,费用报销审批：云资源扩容,1
custom_00717,custom_00717.xlsx,xlsx,合同协议,L3,数据处理协议 - 华为,1
custom_00718,custom_00718.xlsx,xlsx,财务文档,L3,2023年Q3财务报表,1
custom_00719,custom_00719.xlsx,xlsx,合同协议,L3,数据处理协议 - 阿里云,1
custom_00720,custom_00720.xlsx,xlsx,财务文档,L3,产品部门预算审批单,1
custom_00721,custom_00721.xlsx,xlsx,财务文档,L3,市场部门预算审批单,1
custom_00722,custom_00722.xlsx,xlsx,财务文档,L3,2024年Q1财务报表,1
custom_00723,custom_00723.xlsx,xlsx,财务文档,L3,费用报销审批：差旅费,1
custom_00724,custom_00724.xlsx,xlsx,财务文档,L3,市场部门预算审批单,1
custom_00725,custom_00725.xlsx,xlsx,财务文档,L3,人力部门预算审批单,1
custom_00726,custom_00726.xlsx,xlsx,财务文档,L3,2024年Q1财务报表,1
custom_00727,custom_00727.xlsx,xlsx,财务文档,L3,数据部门预算审批单,1
custom_00728,custom_00728.xlsx,xlsx,财务文档,L3,财务部门预算审批单,1
custom_00729,custom_00729.xlsx,xlsx,合同协议,L3,技术合作框架协议,1
custom_00730,custom_00730.xlsx,xlsx,合同协议,L3,技术合作框架协议,1
custom_00731,custom_00731.xlsx,xlsx,合同协议,L3,数据处理协议 - 美团,1
custom_00732,custom_00732.xlsx,xlsx,合同协议,L3,数据处理协议 - 腾讯,1
custom_00733,custom_00733.xlsx,xlsx,合同协议,L3,技术合作框架协议,1
custom_00734,custom_00734.xlsx,xlsx,财务文档,L3,2023年Q1财务报表,1
custom_00735,custom_00735.xlsx,xlsx,财务文档,L3,2024年Q3财务报表,1
custom_00736,custom_00736.xlsx,xlsx,合同协议,L3,保密协议 - 美团,1
custom_00737,custom_00737.xlsx,xlsx,合同协议,L3,保密协议 - 百度,1
custom_00738,custom_00738.xlsx,xlsx,合同协议,L3,技术合作框架协议,1
custom_00739,custom_00739.xlsx,xlsx,合同协议,L3,保密协议 - 阿里云,1
custom_00740,custom_00740.xlsx,xlsx,核心技术,L4,系统安全架构设计 v2.4,1
custom_00741,custom_00741.xlsx,xlsx,敏感人事,L4,高管薪酬方案 - 2024,1
custom_00742,custom_00742.xlsx,xlsx,敏感人事,L4,裁员计划：数据部门,1
custom_00743,custom_00743.xlsx,xlsx,敏感人事,L4,高管薪酬方案 - 2024,1
custom_00744,custom_00744.xlsx,xlsx,敏感人事,L4,高管薪酬方案 - 2025,1
custom_00745,custom_00745.xlsx,xlsx,核心技术,L4,漏洞分析报告：CVE-2024-72907,1
custom_00746,custom_00746.xlsx,xlsx,敏感人事,L4,裁员计划：产品部门,1
custom_00747,custom_00747.xlsx,xlsx,核心技术,L4,系统安全架构设计 v2.9,1
custom_00748,custom_00748.xlsx,xlsx,核心技术,L4,漏洞分析报告：CVE-2024-28938,1
custom_00749,custom_00749.xlsx,xlsx,核心技术,L4,系统安全架构设计 v2.7,1
custom_00750,custom_00750.xlsx,xlsx,核心技术,L4,密钥管理方案,1
custom_00751,custom_00751.xlsx,xlsx,敏感人事,L4,高管薪酬方案 - 2025,1
custom_00752,custom_00752.xlsx,xlsx,敏感人事,L4,裁员计划：法务部门,1
custom_00753,custom_00753.xlsx,xlsx,敏感人事,L4,高管薪酬方案 - 2023,1
custom_00754,custom_00754.xlsx,xlsx,核心技术,L4,漏洞分析报告：CVE-2024-70078,1
custom_00755,custom_00755.xlsx,xlsx,敏感人事,L4,裁员计划：技术部门,1
custom_00756,custom_00756.xlsx,xlsx,敏感人事,L4,高管薪酬方案 - 2024,1
custom_00757,custom_00757.xlsx,xlsx,核心技术,L4,核心算法设计文档：加密方案,1
custom_00758,custom_00758.xlsx,xlsx,核心技术,L4,系统安全架构设计 v3.6,1
custom_00759,custom_00759.xlsx,xlsx,核心技术,L4,核心算法设计文档：风控模型,1
custom_00760,custom_00760.xlsx,xlsx,核心技术,L4,密钥管理方案,1
custom_00761,custom_00761.xlsx,xlsx,核心技术,L4,系统安全架构设计 v2.2,1
custom_00762,custom_00762.xlsx,xlsx,敏感人事,L4,高管薪酬方案 - 2024,1
custom_00763,custom_00763.xlsx,xlsx,核心技术,L4,核心算法设计文档：特征召回链路,1
custom_00764,custom_00764.xlsx,xlsx,敏感人事,L4,裁员计划：法务部门,1
custom_00765,custom_00765.xlsx,xlsx,核心技术,L4,密钥管理方案,1
custom_00766,custom_00766.xlsx,xlsx,敏感人事,L4,组织架构调整方案（草案）,1
custom_00767,custom_00767.xlsx,xlsx,核心技术,L4,漏洞分析报告：CVE-2024-17313,1
custom_00768,custom_00768.xlsx,xlsx,核心技术,L4,核心算法设计文档：特征召回链路,1
custom_00769,custom_00769.xlsx,xlsx,核心技术,L4,密钥管理方案,1
custom_00770,custom_00770.xlsx,xlsx,敏感人事,L4,高管薪酬方案 - 2024,1
custom_00771,custom_00771.xlsx,xlsx,核心技术,L4,系统安全架构设计 v2.0,1
custom_00772,custom_00772.xlsx,xlsx,敏感人事,L4,裁员计划：市场部门,1
custom_00773,custom_00773.xlsx,xlsx,敏感人事,L4,组织架构调整方案（草案）,1
custom_00774,custom_00774.xlsx,xlsx,核心技术,L4,漏洞分析报告：CVE-2024-23715,1
custom_00775,custom_00775.xlsx,xlsx,核心技术,L4,漏洞分析报告：CVE-2024-81059,1
custom_00776,custom_00776.xlsx,xlsx,敏感人事,L4,组织架构调整方案（草案）,1
custom_00777,custom_00777.xlsx,xlsx,核心技术,L4,核心算法设计文档：索引算法,1
custom_00778,custom_00778.xlsx,xlsx,核心技术,L4,核心算法设计文档：特征召回链路,1
custom_00779,custom_00779.xlsx,xlsx,核心技术,L4,漏洞分析报告：CVE-2024-55549,1
custom_00780,custom_00780.xlsx,xlsx,核心技术,L4,密钥管理方案,1
custom_00781,custom_00781.xlsx,xlsx,核心技术,L4,密钥管理方案,1
custom_00782,custom_00782.xlsx,xlsx,敏感人事,L4,高管薪酬方案 - 2023,1
custom_00783,custom_00783.xlsx,xlsx,敏感人事,L4,高管薪酬方案 - 2025,1
custom_00784,custom_00784.xlsx,xlsx,敏感人事,L4,裁员计划：人力部门,1
custom_00785,custom_00785.xlsx,xlsx,敏感人事,L4,裁员计划：财务部门,1
custom_00786,custom_00786.xlsx,xlsx,核心技术,L4,密钥管理方案,1
custom_00787,custom_00787.xlsx,xlsx,敏感人事,L4,裁员计划：数据部门,1
custom_00788,custom_00788.xlsx,xlsx,敏感人事,L4,裁员计划：市场部门,1
custom_00789,custom_00789.xlsx,xlsx,敏感人事,L4,组织架构调整方案（草案）,1
custom_00790,custom_00790.xlsx,xlsx,核心技术,L4,系统安全架构设计 v2.4,1
custom_00791,custom_00791.xlsx,xlsx,敏感人事,L4,组织架构调整方案（草案）,1
custom_00792,custom_00792.xlsx,xlsx,敏感人事,L4,裁员计划：财务部门,1
custom_00793,custom_00793.xlsx,xlsx,敏感人事,L4,裁员计划：技术部门,1
custom_00794,custom_00794.xlsx,xlsx,核心技术,L4,系统安全架构设计 v3.7,1
custom_00795,custom_00795.xlsx,xlsx,敏感人事,L4,高管薪酬方案 - 2024,1
custom_00796,custom_00796.xlsx,xlsx,核心技术,L4,核心算法设计文档：风控模型,1
custom_00797,custom_00797.xlsx,xlsx,敏感人事,L4,组织架构调整方案（草案）,1
custom_00798,custom_00798.xlsx,xlsx,核心技术,L4,密钥管理方案,1
custom_00799,custom_00799.xlsx,xlsx,敏感人事,L4,高管薪酬方案 - 2023,1
custom_00800,custom_00800.pdf,pdf,公开报告,L1,技术白皮书：数据安全治理,1
custom_00801,custom_00801.pdf,pdf,行政通知,L1,关于6月考勤安排的通知,1
custom_00802,custom_00802.pdf,pdf,行政通知,L1,假期安排通知,1
custom_00803,custom_00803.pdf,pdf,行政通知,L1,办公区域管理规定,1
custom_00804,custom_00804.pdf,pdf,行政通知,L1,办公区域管理规定,1
custom_00805,custom_00805.pdf,pdf,行政通知,L1,假期安排通知,1
custom_00806,custom_00806.pdf,pdf,行政通知,L1,产品部门培训计划,1
custom_00807,custom_00807.pdf,pdf,公开报告,L1,产品使用手册 v3.8,1
custom_00808,custom_00808.pdf,pdf,公开报告,L1,产品使用手册 v1.9,1
custom_00809,custom_00809.pdf,pdf,行政通知,L1,假期安排通知,1
custom_00810,custom_00810.pdf,pdf,行政通知,L1,办公区域管理规定,1
custom_00811,custom_00811.pdf,pdf,行政通知,L1,员工手册更新说明,1
custom_00812,custom_00812.pdf,pdf,行政通知,L1,办公区域管理规定,1
custom_00813,custom_00813.pdf,pdf,行政通知,L1,办公区域管理规定,1
custom_00814,custom_00814.pdf,pdf,公开报告,L1,2024年度企业社会责任报告,1
custom_00815,custom_00815.pdf,pdf,行政通知,L1,假期安排通知,1
custom_00816,custom_00816.pdf,pdf,公开报告,L1,2024年度企业社会责任报告,1
custom_00817,custom_00817.pdf,pdf,行政通知,L1,员工手册更新说明,1
custom_00818,custom_00818.pdf,pdf,行政通知,L1,假期安排通知,1
custom_00819,custom_00819.pdf,pdf,公开报告,L1,2023年度企业社会责任报告,1
custom_00820,custom_00820.pdf,pdf,公开报告,L1,2023年度企业社会责任报告,1
custom_00821,custom_00821.pdf,pdf,行政通知,L1,安全部门培训计划,1
custom_00822,custom_00822.pdf,pdf,公开报告,L1,2025年度企业社会责任报告,1
custom_00823,custom_00823.pdf,pdf,行政通知,L1,技术部门培训计划,1
custom_00824,custom_00824.pdf,pdf,公开报告,L1,产品使用手册 v1.2,1
custom_00825,custom_00825.pdf,pdf,公开报告,L1,技术白皮书：隐私合规实践,1
custom_00826,custom_00826.pdf,pdf,公开报告,L1,产品使用手册 v3.4,1
custom_00827,custom_00827.pdf,pdf,行政通知,L1,员工手册更新说明,1
custom_00828,custom_00828.pdf,pdf,公开报告,L1,2024年度企业社会责任报告,1
custom_00829,custom_00829.pdf,pdf,公开报告,L1,2024年度企业社会责任报告,1
custom_00830,custom_00830.pdf,pdf,公开报告,L1,技术白皮书：绿色供应链,1
custom_00831,custom_00831.pdf,pdf,公开报告,L1,2025年度企业社会责任报告,1
custom_00832,custom_00832.pdf,pdf,公开报告,L1,产品使用手册 v2.6,1
custom_00833,custom_00833.pdf,pdf,行政通知,L1,办公区域管理规定,1
custom_00834,custom_00834.pdf,pdf,公开报告,L1,产品使用手册 v3.1,1
custom_00835,custom_00835.pdf,pdf,公开报告,L1,2023年度企业社会责任报告,1
custom_00836,custom_00836.pdf,pdf,公开报告,L1,技术白皮书：数据安全治理,1
custom_00837,custom_00837.pdf,pdf,公开报告,L1,技术白皮书：客户成功体系,1
custom_00838,custom_00838.pdf,pdf,公开报告,L1,2024年度企业社会责任报告,1
custom_00839,custom_00839.pdf,pdf,公开报告,L1,2024年度企业社会责任报告,1
custom_00840,custom_00840.pdf,pdf,公开报告,L1,2023年度企业社会责任报告,1
custom_00841,custom_00841.pdf,pdf,公开报告,L1,2023年度企业社会责任报告,1
custom_00842,custom_00842.pdf,pdf,公开报告,L1,产品使用手册 v1.1,1
custom_00843,custom_00843.pdf,pdf,行政通知,L1,员工手册更新说明,1
custom_00844,custom_00844.pdf,pdf,行政通知,L1,员工手册更新说明,1
custom_00845,custom_00845.pdf,pdf,行政通知,L1,员工手册更新说明,1
custom_00846,custom_00846.pdf,pdf,公开报告,L1,产品使用手册 v2.0,1
custom_00847,custom_00847.pdf,pdf,公开报告,L1,产品使用手册 v3.1,1
custom_00848,custom_00848.pdf,pdf,公开报告,L1,产品使用手册 v3.1,1
custom_00849,custom_00849.pdf,pdf,行政通知,L1,市场部门培训计划,1
custom_00850,custom_00850.pdf,pdf,行政通知,L1,员工手册更新说明,1
custom_00851,custom_00851.pdf,pdf,公开报告,L1,2023年度企业社会责任报告,1
custom_00852,custom_00852.pdf,pdf,公开报告,L1,2025年度企业社会责任报告,1
custom_00853,custom_00853.pdf,pdf,行政通知,L1,关于10月考勤安排的通知,1
custom_00854,custom_00854.pdf,pdf,行政通知,L1,假期安排通知,1
custom_00855,custom_00855.pdf,pdf,行政通知,L1,运维部门培训计划,1
custom_00856,custom_00856.pdf,pdf,公开报告,L1,产品使用手册 v2.6,1
custom_00857,custom_00857.pdf,pdf,行政通知,L1,关于6月考勤安排的通知,1
custom_00858,custom_00858.pdf,pdf,行政通知,L1,假期安排通知,1
custom_00859,custom_00859.pdf,pdf,行政通知,L1,关于6月考勤安排的通知,1
custom_00860,custom_00860.pdf,pdf,公开报告,L1,2025年度企业社会责任报告,1
custom_00861,custom_00861.pdf,pdf,公开报告,L1,技术白皮书：隐私合规实践,1
custom_00862,custom_00862.pdf,pdf,行政通知,L1,员工手册更新说明,1
custom_00863,custom_00863.pdf,pdf,行政通知,L1,办公区域管理规定,1
custom_00864,custom_00864.pdf,pdf,公开报告,L1,产品使用手册 v3.3,1
custom_00865,custom_00865.pdf,pdf,公开报告,L1,技术白皮书：绿色供应链,1
custom_00866,custom_00866.pdf,pdf,行政通知,L1,员工手册更新说明,1
custom_00867,custom_00867.pdf,pdf,公开报告,L1,产品使用手册 v2.0,1
custom_00868,custom_00868.pdf,pdf,公开报告,L1,产品使用手册 v2.8,1
custom_00869,custom_00869.pdf,pdf,公开报告,L1,2023年度企业社会责任报告,1
custom_00870,custom_00870.pdf,pdf,行政通知,L1,办公区域管理规定,1
custom_00871,custom_00871.pdf,pdf,行政通知,L1,假期安排通知,1
custom_00872,custom_00872.pdf,pdf,行政通知,L1,关于7月考勤安排的通知,1
custom_00873,custom_00873.pdf,pdf,行政通知,L1,关于1月考勤安排的通知,1
custom_00874,custom_00874.pdf,pdf,公开报告,L1,产品使用手册 v3.4,1
custom_00875,custom_00875.pdf,pdf,公开报告,L1,技术白皮书：隐私合规实践,1
custom_00876,custom_00876.pdf,pdf,公开报告,L1,技术白皮书：数据安全治理,1
custom_00877,custom_00877.pdf,pdf,行政通知,L1,运维部门培训计划,1
custom_00878,custom_00878.pdf,pdf,公开报告,L1,技术白皮书：隐私合规实践,1
custom_00879,custom_00879.pdf,pdf,公开报告,L1,产品使用手册 v2.3,1
custom_00880,custom_00880.pdf,pdf,项目文档,L2,Titan需求规格说明书,1
custom_00881,custom_00881.pdf,pdf,项目文档,L2,Nebula需求规格说明书,1
custom_00882,custom_00882.pdf,pdf,内部备忘,L2,财务部门周报 - 第41周,1
custom_00883,custom_00883.pdf,pdf,项目文档,L2,Atlas测试报告,1
custom_00884,custom_00884.pdf,pdf,项目文档,L2,系统架构设计文档 - 认证模块,1
custom_00885,custom_00885.pdf,pdf,项目文档,L2,Titan需求规格说明书,1
custom_00886,custom_00886.pdf,pdf,项目文档,L2,Apex需求规格说明书,1
custom_00887,custom_00887.pdf,pdf,项目文档,L2,系统架构设计文档 - 消息队列,1
custom_00888,custom_00888.pdf,pdf,项目文档,L2,Phoenix需求规格说明书,1
custom_00889,custom_00889.pdf,pdf,内部备忘,L2,法务部门周报 - 第30周,1
custom_00890,custom_00890.pdf,pdf,项目文档,L2,Phoenix需求规格说明书,1
custom_00891,custom_00891.pdf,pdf,项目文档,L2,系统架构设计文档 - 认证模块,1
custom_00892,custom_00892.pdf,pdf,内部备忘,L2,内部沟通：系统升级事项,1
custom_00893,custom_00893.pdf,pdf,项目文档,L2,系统架构设计文档 - 权限中心,1
custom_00894,custom_00894.pdf,pdf,项目文档,L2,Omega需求规格说明书,1
custom_00895,custom_00895.pdf,pdf,项目文档,L2,Atlas测试报告,1
custom_00896,custom_00896.pdf,pdf,项目文档,L2,系统架构设计文档 - 日志平台,1
custom_00897,custom_00897.pdf,pdf,项目文档,L2,系统架构设计文档 - 消息队列,1
custom_00898,custom_00898.pdf,pdf,内部备忘,L2,关于Phoenix项目进度的备忘录,1
custom_00899,custom_00899.pdf,pdf,内部备忘,L2,数据部门周报 - 第22周,1
custom_00900,custom_00900.pdf,pdf,内部备忘,L2,会议纪要：资源协调讨论会,1
custom_00901,custom_00901.pdf,pdf,内部备忘,L2,内部沟通：资源协调事项,1
custom_00902,custom_00902.pdf,pdf,项目文档,L2,Atlas需求规格说明书,1
custom_00903,custom_00903.pdf,pdf,内部备忘,L2,内部沟通：资源协调事项,1
custom_00904,custom_00904.pdf,pdf,项目文档,L2,Nova需求规格说明书,1
custom_00905,custom_00905.pdf,pdf,内部备忘,L2,内部沟通：需求收敛事项,1
custom_00906,custom_00906.pdf,pdf,内部备忘,L2,内部沟通：系统升级事项,1
custom_00907,custom_00907.pdf,pdf,项目文档,L2,Omega需求规格说明书,1
custom_00908,custom_00908.pdf,pdf,内部备忘,L2,安全部门周报 - 第28周,1
custom_00909,custom_00909.pdf,pdf,内部备忘,L2,内部沟通：系统升级事项,1
custom_00910,custom_00910.pdf,pdf,内部备忘,L2,关于Atlas项目进度的备忘录,1
custom_00911,custom_00911.pdf,pdf,项目文档,L2,Phoenix需求规格说明书,1
custom_00912,custom_00912.pdf,pdf,内部备忘,L2,内部沟通：风险复盘事项,1
custom_00913,custom_00913.pdf,pdf,项目文档,L2,系统架构设计文档 - 认证模块,1
custom_00914,custom_00914.pdf,pdf,项目文档,L2,Titan测试报告,1
custom_00915,custom_00915.pdf,pdf,内部备忘,L2,关于Apex项目进度的备忘录,1
custom_00916,custom_00916.pdf,pdf,项目文档,L2,系统架构设计文档 - 日志平台,1
custom_00917,custom_00917.pdf,pdf,内部备忘,L2,关于Nebula项目进度的备忘录,1
custom_00918,custom_00918.pdf,pdf,项目文档,L2,Atlas测试报告,1
custom_00919,custom_00919.pdf,pdf,项目文档,L2,Phoenix测试报告,1
custom_00920,custom_00920.pdf,pdf,项目文档,L2,系统架构设计文档 - API网关,1
custom_00921,custom_00921.pdf,pdf,项目文档,L2,Apex需求规格说明书,1
custom_00922,custom_00922.pdf,pdf,项目文档,L2,Omega需求规格说明书,1
custom_00923,custom_00923.pdf,pdf,内部备忘,L2,内部沟通：系统升级事项,1
custom_00924,custom_00924.pdf,pdf,内部备忘,L2,数据部门周报 - 第52周,1
custom_00925,custom_00925.pdf,pdf,项目文档,L2,Omega测试报告,1
custom_00926,custom_00926.pdf,pdf,内部备忘,L2,数据部门周报 - 第12周,1
custom_00927,custom_00927.pdf,pdf,项目文档,L2,Apex需求规格说明书,1
custom_00928,custom_00928.pdf,pdf,内部备忘,L2,安全部门周报 - 第24周,1
custom_00929,custom_00929.pdf,pdf,内部备忘,L2,关于Omega项目进度的备忘录,1
custom_00930,custom_00930.pdf,pdf,内部备忘,L2,内部沟通：资源协调事项,1
custom_00931,custom_00931.pdf,pdf,内部备忘,L2,关于Apex项目进度的备忘录,1
custom_00932,custom_00932.pdf,pdf,项目文档,L2,Nova测试报告,1
custom_00933,custom_00933.pdf,pdf,内部备忘,L2,内部沟通：资源协调事项,1
custom_00934,custom_00934.pdf,pdf,项目文档,L2,Nova需求规格说明书,1
custom_00935,custom_00935.pdf,pdf,内部备忘,L2,技术部门周报 - 第5周,1
custom_00936,custom_00936.pdf,pdf,内部备忘,L2,法务部门周报 - 第33周,1
custom_00937,custom_00937.pdf,pdf,内部备忘,L2,会议纪要：风险复盘讨论会,1
custom_00938,custom_00938.pdf,pdf,项目文档,L2,Titan测试报告,1
custom_00939,custom_00939.pdf,pdf,项目文档,L2,Atlas测试报告,1
custom_00940,custom_00940.pdf,pdf,内部备忘,L2,会议纪要：预算使用讨论会,1
custom_00941,custom_00941.pdf,pdf,项目文档,L2,Atlas测试报告,1
custom_00942,custom_00942.pdf,pdf,内部备忘,L2,关于Phoenix项目进度的备忘录,1
custom_00943,custom_00943.pdf,pdf,项目文档,L2,系统架构设计文档 - 认证模块,1
custom_00944,custom_00944.pdf,pdf,项目文档,L2,系统架构设计文档 - 数据层,1
custom_00945,custom_00945.pdf,pdf,内部备忘,L2,关于Phoenix项目进度的备忘录,1
custom_00946,custom_00946.pdf,pdf,项目文档,L2,Omega测试报告,1
custom_00947,custom_00947.pdf,pdf,内部备忘,L2,法务部门周报 - 第7周,1
custom_00948,custom_00948.pdf,pdf,内部备忘,L2,会议纪要：系统升级讨论会,1
custom_00949,custom_00949.pdf,pdf,内部备忘,L2,会议纪要：需求收敛讨论会,1
custom_00950,custom_00950.pdf,pdf,内部备忘,L2,会议纪要：系统升级讨论会,1
custom_00951,custom_00951.pdf,pdf,内部备忘,L2,内部沟通：预算使用事项,1
custom_00952,custom_00952.pdf,pdf,项目文档,L2,系统架构设计文档 - 消息队列,1
custom_00953,custom_00953.pdf,pdf,内部备忘,L2,数据部门周报 - 第37周,1
custom_00954,custom_00954.pdf,pdf,项目文档,L2,Titan测试报告,1
custom_00955,custom_00955.pdf,pdf,项目文档,L2,Nebula需求规格说明书,1
custom_00956,custom_00956.pdf,pdf,项目文档,L2,系统架构设计文档 - 认证模块,1
custom_00957,custom_00957.pdf,pdf,内部备忘,L2,会议纪要：预算使用讨论会,1
custom_00958,custom_00958.pdf,pdf,项目文档,L2,Nova需求规格说明书,1
custom_00959,custom_00959.pdf,pdf,项目文档,L2,Nebula需求规格说明书,1
custom_00960,custom_00960.pdf,pdf,财务文档,L3,财务部门预算审批单,1
custom_00961,custom_00961.pdf,pdf,合同协议,L3,保密协议 - 美团,1
custom_00962,custom_00962.pdf,pdf,财务文档,L3,2025年Q4财务报表,1
custom_00963,custom_00963.pdf,pdf,财务文档,L3,数据部门预算审批单,1
custom_00964,custom_00964.pdf,pdf,合同协议,L3,保密协议 - 字节跳动,1
custom_00965,custom_00965.pdf,pdf,财务文档,L3,费用报销审批：云资源扩容,1
custom_00966,custom_00966.pdf,pdf,财务文档,L3,采购合同：百度,1
custom_00967,custom_00967.pdf,pdf,财务文档,L3,安全部门预算审批单,1
custom_00968,custom_00968.pdf,pdf,合同协议,L3,数据处理协议 - 美团,1
custom_00969,custom_00969.pdf,pdf,财务文档,L3,2024年Q4财务报表,1
custom_00970,custom_00970.pdf,pdf,合同协议,L3,技术合作框架协议,1
custom_00971,custom_00971.pdf,pdf,合同协议,L3,保密协议 - 百度,1
custom_00972,custom_00972.pdf,pdf,财务文档,L3,费用报销审批：设备采购,1
custom_00973,custom_00973.pdf,pdf,财务文档,L3,采购合同：百度,1
custom_00974,custom_00974.pdf,pdf,财务文档,L3,采购合同：阿里云,1
custom_00975,custom_00975.pdf,pdf,合同协议,L3,技术合作框架协议,1
custom_00976,custom_00976.pdf,pdf,合同协议,L3,技术合作框架协议,1
custom_00977,custom_00977.pdf,pdf,合同协议,L3,保密协议 - 字节跳动,1
custom_00978,custom_00978.pdf,pdf,合同协议,L3,技术合作框架协议,1
custom_00979,custom_00979.pdf,pdf,合同协议,L3,保密协议 - 字节跳动,1
custom_00980,custom_00980.pdf,pdf,合同协议,L3,数据处理协议 - 京东,1
custom_00981,custom_00981.pdf,pdf,合同协议,L3,保密协议 - 京东,1
custom_00982,custom_00982.pdf,pdf,合同协议,L3,数据处理协议 - 华为,1
custom_00983,custom_00983.pdf,pdf,财务文档,L3,采购合同：百度,1
custom_00984,custom_00984.pdf,pdf,财务文档,L3,数据部门预算审批单,1
custom_00985,custom_00985.pdf,pdf,财务文档,L3,费用报销审批：差旅费,1
custom_00986,custom_00986.pdf,pdf,合同协议,L3,技术合作框架协议,1
custom_00987,custom_00987.pdf,pdf,财务文档,L3,费用报销审批：云资源扩容,1
custom_00988,custom_00988.pdf,pdf,合同协议,L3,保密协议 - 字节跳动,1
custom_00989,custom_00989.pdf,pdf,合同协议,L3,保密协议 - 华为,1
custom_00990,custom_00990.pdf,pdf,财务文档,L3,采购合同：美团,1
custom_00991,custom_00991.pdf,pdf,合同协议,L3,技术合作框架协议,1
custom_00992,custom_00992.pdf,pdf,财务文档,L3,费用报销审批：设备采购,1
custom_00993,custom_00993.pdf,pdf,合同协议,L3,数据处理协议 - 腾讯,1
custom_00994,custom_00994.pdf,pdf,财务文档,L3,采购合同：字节跳动,1
custom_00995,custom_00995.pdf,pdf,财务文档,L3,采购合同：美团,1
custom_00996,custom_00996.pdf,pdf,合同协议,L3,技术合作框架协议,1
custom_00997,custom_00997.pdf,pdf,合同协议,L3,数据处理协议 - 阿里云,1
custom_00998,custom_00998.pdf,pdf,合同协议,L3,保密协议 - 腾讯,1
custom_00999,custom_00999.pdf,pdf,财务文档,L3,2023年Q4财务报表,1
custom_01000,custom_01000.pdf,pdf,合同协议,L3,数据处理协议 - 华为,1
custom_01001,custom_01001.pdf,pdf,财务文档,L3,2023年Q4财务报表,1
custom_01002,custom_01002.pdf,pdf,财务文档,L3,2025年Q1财务报表,1
custom_01003,custom_01003.pdf,pdf,合同协议,L3,技术合作框架协议,1
custom_01004,custom_01004.pdf,pdf,合同协议,L3,数据处理协议 - 美团,1
custom_01005,custom_01005.pdf,pdf,合同协议,L3,保密协议 - 阿里云,1
custom_01006,custom_01006.pdf,pdf,财务文档,L3,人力部门预算审批单,1
custom_01007,custom_01007.pdf,pdf,合同协议,L3,保密协议 - 百度,1
custom_01008,custom_01008.pdf,pdf,财务文档,L3,人力部门预算审批单,1
custom_01009,custom_01009.pdf,pdf,财务文档,L3,人力部门预算审批单,1
custom_01010,custom_01010.pdf,pdf,合同协议,L3,技术合作框架协议,1
custom_01011,custom_01011.pdf,pdf,合同协议,L3,技术合作框架协议,1
custom_01012,custom_01012.pdf,pdf,财务文档,L3,采购合同：腾讯,1
custom_01013,custom_01013.pdf,pdf,合同协议,L3,技术合作框架协议,1
custom_01014,custom_01014.pdf,pdf,合同协议,L3,保密协议 - 字节跳动,1
custom_01015,custom_01015.pdf,pdf,合同协议,L3,保密协议 - 字节跳动,1
custom_01016,custom_01016.pdf,pdf,合同协议,L3,技术合作框架协议,1
custom_01017,custom_01017.pdf,pdf,合同协议,L3,保密协议 - 美团,1
custom_01018,custom_01018.pdf,pdf,合同协议,L3,保密协议 - 阿里云,1
custom_01019,custom_01019.pdf,pdf,合同协议,L3,技术合作框架协议,1
custom_01020,custom_01020.pdf,pdf,合同协议,L3,技术合作框架协议,1
custom_01021,custom_01021.pdf,pdf,合同协议,L3,保密协议 - 华为,1
custom_01022,custom_01022.pdf,pdf,合同协议,L3,保密协议 - 百度,1
custom_01023,custom_01023.pdf,pdf,合同协议,L3,保密协议 - 京东,1
custom_01024,custom_01024.pdf,pdf,合同协议,L3,数据处理协议 - 腾讯,1
custom_01025,custom_01025.pdf,pdf,财务文档,L3,2023年Q3财务报表,1
custom_01026,custom_01026.pdf,pdf,财务文档,L3,费用报销审批：云资源扩容,1
custom_01027,custom_01027.pdf,pdf,财务文档,L3,采购合同：华为,1
custom_01028,custom_01028.pdf,pdf,合同协议,L3,保密协议 - 腾讯,1
custom_01029,custom_01029.pdf,pdf,合同协议,L3,数据处理协议 - 字节跳动,1
custom_01030,custom_01030.pdf,pdf,合同协议,L3,数据处理协议 - 美团,1
custom_01031,custom_01031.pdf,pdf,合同协议,L3,保密协议 - 京东,1
custom_01032,custom_01032.pdf,pdf,合同协议,L3,技术合作框架协议,1
custom_01033,custom_01033.pdf,pdf,合同协议,L3,技术合作框架协议,1
custom_01034,custom_01034.pdf,pdf,财务文档,L3,运维部门预算审批单,1
custom_01035,custom_01035.pdf,pdf,合同协议,L3,数据处理协议 - 百度,1
custom_01036,custom_01036.pdf,pdf,合同协议,L3,技术合作框架协议,1
custom_01037,custom_01037.pdf,pdf,合同协议,L3,保密协议 - 阿里云,1
custom_01038,custom_01038.pdf,pdf,合同协议,L3,数据处理协议 - 百度,1
custom_01039,custom_01039.pdf,pdf,合同协议,L3,保密协议 - 阿里云,1
custom_01040,custom_01040.pdf,pdf,敏感人事,L4,高管薪酬方案 - 2024,1
custom_01041,custom_01041.pdf,pdf,核心技术,L4,密钥管理方案,1
custom_01042,custom_01042.pdf,pdf,敏感人事,L4,组织架构调整方案（草案）,1
custom_01043,custom_01043.pdf,pdf,敏感人事,L4,高管薪酬方案 - 2023,1
custom_01044,custom_01044.pdf,pdf,敏感人事,L4,裁员计划：运维部门,1
custom_01045,custom_01045.pdf,pdf,核心技术,L4,密钥管理方案,1
custom_01046,custom_01046.pdf,pdf,核心技术,L4,核心算法设计文档：推荐引擎,1
custom_01047,custom_01047.pdf,pdf,敏感人事,L4,组织架构调整方案（草案）,1
custom_01048,custom_01048.pdf,pdf,敏感人事,L4,组织架构调整方案（草案）,1
custom_01049,custom_01049.pdf,pdf,敏感人事,L4,高管薪酬方案 - 2025,1
custom_01050,custom_01050.pdf,pdf,敏感人事,L4,组织架构调整方案（草案）,1
custom_01051,custom_01051.pdf,pdf,核心技术,L4,核心算法设计文档：加密方案,1
custom_01052,custom_01052.pdf,pdf,敏感人事,L4,高管薪酬方案 - 2025,1
custom_01053,custom_01053.pdf,pdf,敏感人事,L4,组织架构调整方案（草案）,1
custom_01054,custom_01054.pdf,pdf,核心技术,L4,密钥管理方案,1
custom_01055,custom_01055.pdf,pdf,核心技术,L4,密钥管理方案,1
custom_01056,custom_01056.pdf,pdf,敏感人事,L4,组织架构调整方案（草案）,1
custom_01057,custom_01057.pdf,pdf,核心技术,L4,核心算法设计文档：特征召回链路,1
custom_01058,custom_01058.pdf,pdf,核心技术,L4,漏洞分析报告：CVE-2024-86558,1
custom_01059,custom_01059.pdf,pdf,核心技术,L4,系统安全架构设计 v1.4,1
custom_01060,custom_01060.pdf,pdf,敏感人事,L4,高管薪酬方案 - 2024,1
custom_01061,custom_01061.pdf,pdf,核心技术,L4,密钥管理方案,1
custom_01062,custom_01062.pdf,pdf,核心技术,L4,密钥管理方案,1
custom_01063,custom_01063.pdf,pdf,核心技术,L4,系统安全架构设计 v1.3,1
custom_01064,custom_01064.pdf,pdf,敏感人事,L4,高管薪酬方案 - 2023,1
custom_01065,custom_01065.pdf,pdf,核心技术,L4,密钥管理方案,1
custom_01066,custom_01066.pdf,pdf,核心技术,L4,核心算法设计文档：异常检测模型,1
custom_01067,custom_01067.pdf,pdf,敏感人事,L4,组织架构调整方案（草案）,1
custom_01068,custom_01068.pdf,pdf,敏感人事,L4,高管薪酬方案 - 2023,1
custom_01069,custom_01069.pdf,pdf,核心技术,L4,系统安全架构设计 v1.6,1
custom_01070,custom_01070.pdf,pdf,核心技术,L4,密钥管理方案,1
custom_01071,custom_01071.pdf,pdf,敏感人事,L4,组织架构调整方案（草案）,1
custom_01072,custom_01072.pdf,pdf,核心技术,L4,系统安全架构设计 v3.8,1
custom_01073,custom_01073.pdf,pdf,核心技术,L4,密钥管理方案,1
custom_01074,custom_01074.pdf,pdf,敏感人事,L4,裁员计划：人力部门,1
custom_01075,custom_01075.pdf,pdf,核心技术,L4,密钥管理方案,1
custom_01076,custom_01076.pdf,pdf,核心技术,L4,漏洞分析报告：CVE-2024-90448,1
custom_01077,custom_01077.pdf,pdf,核心技术,L4,系统安全架构设计 v1.4,1
custom_01078,custom_01078.pdf,pdf,敏感人事,L4,组织架构调整方案（草案）,1
custom_01079,custom_01079.pdf,pdf,核心技术,L4,系统安全架构设计 v3.3,1
custom_01080,custom_01080.pdf,pdf,核心技术,L4,核心算法设计文档：风控模型,1
custom_01081,custom_01081.pdf,pdf,核心技术,L4,密钥管理方案,1
custom_01082,custom_01082.pdf,pdf,敏感人事,L4,组织架构调整方案（草案）,1
custom_01083,custom_01083.pdf,pdf,敏感人事,L4,高管薪酬方案 - 2024,1
custom_01084,custom_01084.pdf,pdf,敏感人事,L4,组织架构调整方案（草案）,1
custom_01085,custom_01085.pdf,pdf,核心技术,L4,系统安全架构设计 v3.0,1
custom_01086,custom_01086.pdf,pdf,核心技术,L4,核心算法设计文档：推荐引擎,1
custom_01087,custom_01087.pdf,pdf,敏感人事,L4,组织架构调整方案（草案）,1
custom_01088,custom_01088.pdf,pdf,敏感人事,L4,高管薪酬方案 - 2024,1
custom_01089,custom_01089.pdf,pdf,核心技术,L4,核心算法设计文档：索引算法,1
custom_01090,custom_01090.pdf,pdf,核心技术,L4,核心算法设计文档：异常检测模型,1
custom_01091,custom_01091.pdf,pdf,敏感人事,L4,组织架构调整方案（草案）,1
custom_01092,custom_01092.pdf,pdf,核心技术,L4,核心算法设计文档：异常检测模型,1
custom_01093,custom_01093.pdf,pdf,敏感人事,L4,裁员计划：财务部门,1
custom_01094,custom_01094.pdf,pdf,核心技术,L4,密钥管理方案,1
custom_01095,custom_01095.pdf,pdf,核心技术,L4,密钥管理方案,1
custom_01096,custom_01096.pdf,pdf,敏感人事,L4,裁员计划：安全部门,1
custom_01097,custom_01097.pdf,pdf,敏感人事,L4,裁员计划：市场部门,1
custom_01098,custom_01098.pdf,pdf,敏感人事,L4,裁员计划：法务部门,1
custom_01099,custom_01099.pdf,pdf,敏感人事,L4,组织架构调整方案（草案）,1
custom_01100,custom_01100_wm.pdf,watermark_pdf,公开报告,L1,产品使用手册 v3.7,1
custom_01101,custom_01101_wm.pdf,watermark_pdf,公开报告,L1,2024年度企业社会责任报告,1
custom_01102,custom_01102_wm.pdf,watermark_pdf,公开报告,L1,2025年度企业社会责任报告,1
custom_01103,custom_01103_wm.pdf,watermark_pdf,公开报告,L1,技术白皮书：客户成功体系,1
custom_01104,custom_01104_wm.pdf,watermark_pdf,行政通知,L1,假期安排通知,1
custom_01105,custom_01105_wm.pdf,watermark_pdf,公开报告,L1,2025年度企业社会责任报告,1
custom_01106,custom_01106_wm.pdf,watermark_pdf,行政通知,L1,员工手册更新说明,1
custom_01107,custom_01107_wm.pdf,watermark_pdf,行政通知,L1,办公区域管理规定,1
custom_01108,custom_01108_wm.pdf,watermark_pdf,行政通知,L1,办公区域管理规定,1
custom_01109,custom_01109_wm.pdf,watermark_pdf,公开报告,L1,技术白皮书：客户成功体系,1
custom_01110,custom_01110_wm.pdf,watermark_pdf,行政通知,L1,办公区域管理规定,1
custom_01111,custom_01111_wm.pdf,watermark_pdf,行政通知,L1,关于12月考勤安排的通知,1
custom_01112,custom_01112_wm.pdf,watermark_pdf,公开报告,L1,技术白皮书：客户成功体系,1
custom_01113,custom_01113_wm.pdf,watermark_pdf,行政通知,L1,员工手册更新说明,1
custom_01114,custom_01114_wm.pdf,watermark_pdf,公开报告,L1,技术白皮书：绿色供应链,1
custom_01115,custom_01115_wm.pdf,watermark_pdf,公开报告,L1,2023年度企业社会责任报告,1
custom_01116,custom_01116_wm.pdf,watermark_pdf,行政通知,L1,安全部门培训计划,1
custom_01117,custom_01117_wm.pdf,watermark_pdf,公开报告,L1,产品使用手册 v2.3,1
custom_01118,custom_01118_wm.pdf,watermark_pdf,公开报告,L1,2025年度企业社会责任报告,1
custom_01119,custom_01119_wm.pdf,watermark_pdf,行政通知,L1,员工手册更新说明,1
custom_01120,custom_01120_wm.pdf,watermark_pdf,公开报告,L1,技术白皮书：隐私合规实践,1
custom_01121,custom_01121_wm.pdf,watermark_pdf,公开报告,L1,技术白皮书：隐私合规实践,1
custom_01122,custom_01122_wm.pdf,watermark_pdf,公开报告,L1,技术白皮书：数据安全治理,1
custom_01123,custom_01123_wm.pdf,watermark_pdf,行政通知,L1,办公区域管理规定,1
custom_01124,custom_01124_wm.pdf,watermark_pdf,公开报告,L1,技术白皮书：客户成功体系,1
custom_01125,custom_01125_wm.pdf,watermark_pdf,公开报告,L1,2024年度企业社会责任报告,1
custom_01126,custom_01126_wm.pdf,watermark_pdf,行政通知,L1,假期安排通知,1
custom_01127,custom_01127_wm.pdf,watermark_pdf,行政通知,L1,关于5月考勤安排的通知,1
custom_01128,custom_01128_wm.pdf,watermark_pdf,公开报告,L1,产品使用手册 v1.0,1
custom_01129,custom_01129_wm.pdf,watermark_pdf,公开报告,L1,2024年度企业社会责任报告,1
custom_01130,custom_01130_wm.pdf,watermark_pdf,行政通知,L1,办公区域管理规定,1
custom_01131,custom_01131_wm.pdf,watermark_pdf,公开报告,L1,技术白皮书：产品服务能力,1
custom_01132,custom_01132_wm.pdf,watermark_pdf,公开报告,L1,产品使用手册 v1.4,1
custom_01133,custom_01133_wm.pdf,watermark_pdf,行政通知,L1,办公区域管理规定,1
custom_01134,custom_01134_wm.pdf,watermark_pdf,公开报告,L1,技术白皮书：绿色供应链,1
custom_01135,custom_01135_wm.pdf,watermark_pdf,行政通知,L1,员工手册更新说明,1
custom_01136,custom_01136_wm.pdf,watermark_pdf,行政通知,L1,办公区域管理规定,1
custom_01137,custom_01137_wm.pdf,watermark_pdf,行政通知,L1,假期安排通知,1
custom_01138,custom_01138_wm.pdf,watermark_pdf,行政通知,L1,关于8月考勤安排的通知,1
custom_01139,custom_01139_wm.pdf,watermark_pdf,行政通知,L1,产品部门培训计划,1
custom_01140,custom_01140_wm.pdf,watermark_pdf,行政通知,L1,假期安排通知,1
custom_01141,custom_01141_wm.pdf,watermark_pdf,公开报告,L1,技术白皮书：产品服务能力,1
custom_01142,custom_01142_wm.pdf,watermark_pdf,行政通知,L1,关于7月考勤安排的通知,1
custom_01143,custom_01143_wm.pdf,watermark_pdf,行政通知,L1,假期安排通知,1
custom_01144,custom_01144_wm.pdf,watermark_pdf,公开报告,L1,2025年度企业社会责任报告,1
custom_01145,custom_01145_wm.pdf,watermark_pdf,行政通知,L1,假期安排通知,1
custom_01146,custom_01146_wm.pdf,watermark_pdf,行政通知,L1,关于8月考勤安排的通知,1
custom_01147,custom_01147_wm.pdf,watermark_pdf,行政通知,L1,员工手册更新说明,1
custom_01148,custom_01148_wm.pdf,watermark_pdf,行政通知,L1,关于8月考勤安排的通知,1
custom_01149,custom_01149_wm.pdf,watermark_pdf,公开报告,L1,技术白皮书：产品服务能力,1
custom_01150,custom_01150_wm.pdf,watermark_pdf,公开报告,L1,产品使用手册 v1.5,1
custom_01151,custom_01151_wm.pdf,watermark_pdf,行政通知,L1,员工手册更新说明,1
custom_01152,custom_01152_wm.pdf,watermark_pdf,公开报告,L1,2023年度企业社会责任报告,1
custom_01153,custom_01153_wm.pdf,watermark_pdf,公开报告,L1,2025年度企业社会责任报告,1
custom_01154,custom_01154_wm.pdf,watermark_pdf,行政通知,L1,财务部门培训计划,1
custom_01155,custom_01155_wm.pdf,watermark_pdf,行政通知,L1,关于8月考勤安排的通知,1
custom_01156,custom_01156_wm.pdf,watermark_pdf,公开报告,L1,技术白皮书：数据安全治理,1
custom_01157,custom_01157_wm.pdf,watermark_pdf,行政通知,L1,办公区域管理规定,1
custom_01158,custom_01158_wm.pdf,watermark_pdf,公开报告,L1,2023年度企业社会责任报告,1
custom_01159,custom_01159_wm.pdf,watermark_pdf,公开报告,L1,2024年度企业社会责任报告,1
custom_01160,custom_01160_wm.pdf,watermark_pdf,项目文档,L2,Titan测试报告,1
custom_01161,custom_01161_wm.pdf,watermark_pdf,内部备忘,L2,安全部门周报 - 第7周,1
custom_01162,custom_01162_wm.pdf,watermark_pdf,内部备忘,L2,技术部门周报 - 第6周,1
custom_01163,custom_01163_wm.pdf,watermark_pdf,项目文档,L2,Omega需求规格说明书,1
custom_01164,custom_01164_wm.pdf,watermark_pdf,项目文档,L2,Phoenix测试报告,1
custom_01165,custom_01165_wm.pdf,watermark_pdf,项目文档,L2,系统架构设计文档 - 权限中心,1
custom_01166,custom_01166_wm.pdf,watermark_pdf,项目文档,L2,Nova需求规格说明书,1
custom_01167,custom_01167_wm.pdf,watermark_pdf,内部备忘,L2,关于Nebula项目进度的备忘录,1
custom_01168,custom_01168_wm.pdf,watermark_pdf,内部备忘,L2,关于Nebula项目进度的备忘录,1
custom_01169,custom_01169_wm.pdf,watermark_pdf,内部备忘,L2,技术部门周报 - 第35周,1
custom_01170,custom_01170_wm.pdf,watermark_pdf,内部备忘,L2,数据部门周报 - 第30周,1
custom_01171,custom_01171_wm.pdf,watermark_pdf,内部备忘,L2,会议纪要：风险复盘讨论会,1
custom_01172,custom_01172_wm.pdf,watermark_pdf,项目文档,L2,系统架构设计文档 - 权限中心,1
custom_01173,custom_01173_wm.pdf,watermark_pdf,内部备忘,L2,会议纪要：风险复盘讨论会,1
custom_01174,custom_01174_wm.pdf,watermark_pdf,项目文档,L2,Omega需求规格说明书,1
custom_01175,custom_01175_wm.pdf,watermark_pdf,项目文档,L2,Titan测试报告,1
custom_01176,custom_01176_wm.pdf,watermark_pdf,项目文档,L2,Apex测试报告,1
custom_01177,custom_01177_wm.pdf,watermark_pdf,内部备忘,L2,会议纪要：资源协调讨论会,1
custom_01178,custom_01178_wm.pdf,watermark_pdf,内部备忘,L2,财务部门周报 - 第3周,1
custom_01179,custom_01179_wm.pdf,watermark_pdf,内部备忘,L2,关于Atlas项目进度的备忘录,1
custom_01180,custom_01180_wm.pdf,watermark_pdf,项目文档,L2,系统架构设计文档 - 日志平台,1
custom_01181,custom_01181_wm.pdf,watermark_pdf,项目文档,L2,Omega需求规格说明书,1
custom_01182,custom_01182_wm.pdf,watermark_pdf,项目文档,L2,Apex测试报告,1
custom_01183,custom_01183_wm.pdf,watermark_pdf,项目文档,L2,Omega测试报告,1
custom_01184,custom_01184_wm.pdf,watermark_pdf,项目文档,L2,系统架构设计文档 - 认证模块,1
custom_01185,custom_01185_wm.pdf,watermark_pdf,内部备忘,L2,关于Atlas项目进度的备忘录,1
custom_01186,custom_01186_wm.pdf,watermark_pdf,内部备忘,L2,人力部门周报 - 第43周,1
custom_01187,custom_01187_wm.pdf,watermark_pdf,项目文档,L2,系统架构设计文档 - 日志平台,1
custom_01188,custom_01188_wm.pdf,watermark_pdf,内部备忘,L2,关于Nova项目进度的备忘录,1
custom_01189,custom_01189_wm.pdf,watermark_pdf,项目文档,L2,系统架构设计文档 - 认证模块,1
custom_01190,custom_01190_wm.pdf,watermark_pdf,内部备忘,L2,内部沟通：系统升级事项,1
custom_01191,custom_01191_wm.pdf,watermark_pdf,项目文档,L2,系统架构设计文档 - 权限中心,1
custom_01192,custom_01192_wm.pdf,watermark_pdf,项目文档,L2,Omega需求规格说明书,1
custom_01193,custom_01193_wm.pdf,watermark_pdf,项目文档,L2,系统架构设计文档 - 权限中心,1
custom_01194,custom_01194_wm.pdf,watermark_pdf,内部备忘,L2,关于Apex项目进度的备忘录,1
custom_01195,custom_01195_wm.pdf,watermark_pdf,项目文档,L2,Atlas测试报告,1
custom_01196,custom_01196_wm.pdf,watermark_pdf,内部备忘,L2,关于Omega项目进度的备忘录,1
custom_01197,custom_01197_wm.pdf,watermark_pdf,项目文档,L2,Nova需求规格说明书,1
custom_01198,custom_01198_wm.pdf,watermark_pdf,项目文档,L2,Omega测试报告,1
custom_01199,custom_01199_wm.pdf,watermark_pdf,内部备忘,L2,关于Nova项目进度的备忘录,1
custom_01200,custom_01200_wm.pdf,watermark_pdf,内部备忘,L2,会议纪要：系统升级讨论会,1
custom_01201,custom_01201_wm.pdf,watermark_pdf,项目文档,L2,系统架构设计文档 - 消息队列,1
custom_01202,custom_01202_wm.pdf,watermark_pdf,项目文档,L2,Apex测试报告,1
custom_01203,custom_01203_wm.pdf,watermark_pdf,内部备忘,L2,会议纪要：系统升级讨论会,1
custom_01204,custom_01204_wm.pdf,watermark_pdf,项目文档,L2,Apex测试报告,1
custom_01205,custom_01205_wm.pdf,watermark_pdf,内部备忘,L2,会议纪要：系统升级讨论会,1
custom_01206,custom_01206_wm.pdf,watermark_pdf,项目文档,L2,系统架构设计文档 - 日志平台,1
custom_01207,custom_01207_wm.pdf,watermark_pdf,项目文档,L2,Atlas需求规格说明书,1
custom_01208,custom_01208_wm.pdf,watermark_pdf,项目文档,L2,Nebula需求规格说明书,1
custom_01209,custom_01209_wm.pdf,watermark_pdf,内部备忘,L2,内部沟通：需求收敛事项,1
custom_01210,custom_01210_wm.pdf,watermark_pdf,内部备忘,L2,内部沟通：预算使用事项,1
custom_01211,custom_01211_wm.pdf,watermark_pdf,内部备忘,L2,关于Omega项目进度的备忘录,1
custom_01212,custom_01212_wm.pdf,watermark_pdf,项目文档,L2,Apex需求规格说明书,1
custom_01213,custom_01213_wm.pdf,watermark_pdf,内部备忘,L2,会议纪要：风险复盘讨论会,1
custom_01214,custom_01214_wm.pdf,watermark_pdf,内部备忘,L2,会议纪要：预算使用讨论会,1
custom_01215,custom_01215_wm.pdf,watermark_pdf,项目文档,L2,Nova测试报告,1
custom_01216,custom_01216_wm.pdf,watermark_pdf,内部备忘,L2,会议纪要：预算使用讨论会,1
custom_01217,custom_01217_wm.pdf,watermark_pdf,内部备忘,L2,会议纪要：资源协调讨论会,1
custom_01218,custom_01218_wm.pdf,watermark_pdf,内部备忘,L2,会议纪要：系统升级讨论会,1
custom_01219,custom_01219_wm.pdf,watermark_pdf,内部备忘,L2,会议纪要：资源协调讨论会,1
custom_01220,custom_01220_wm.pdf,watermark_pdf,财务文档,L3,产品部门预算审批单,1
custom_01221,custom_01221_wm.pdf,watermark_pdf,合同协议,L3,保密协议 - 华为,1
custom_01222,custom_01222_wm.pdf,watermark_pdf,合同协议,L3,保密协议 - 华为,1
custom_01223,custom_01223_wm.pdf,watermark_pdf,合同协议,L3,技术合作框架协议,1
custom_01224,custom_01224_wm.pdf,watermark_pdf,财务文档,L3,2025年Q3财务报表,1
custom_01225,custom_01225_wm.pdf,watermark_pdf,合同协议,L3,数据处理协议 - 腾讯,1
custom_01226,custom_01226_wm.pdf,watermark_pdf,合同协议,L3,技术合作框架协议,1
custom_01227,custom_01227_wm.pdf,watermark_pdf,合同协议,L3,数据处理协议 - 字节跳动,1
custom_01228,custom_01228_wm.pdf,watermark_pdf,合同协议,L3,数据处理协议 - 阿里云,1
custom_01229,custom_01229_wm.pdf,watermark_pdf,财务文档,L3,采购合同：美团,1
custom_01230,custom_01230_wm.pdf,watermark_pdf,财务文档,L3,采购合同：美团,1
custom_01231,custom_01231_wm.pdf,watermark_pdf,合同协议,L3,保密协议 - 美团,1
custom_01232,custom_01232_wm.pdf,watermark_pdf,合同协议,L3,技术合作框架协议,1
custom_01233,custom_01233_wm.pdf,watermark_pdf,财务文档,L3,2025年Q3财务报表,1
custom_01234,custom_01234_wm.pdf,watermark_pdf,财务文档,L3,采购合同：腾讯,1
custom_01235,custom_01235_wm.pdf,watermark_pdf,财务文档,L3,财务部门预算审批单,1
custom_01236,custom_01236_wm.pdf,watermark_pdf,财务文档,L3,采购合同：阿里云,1
custom_01237,custom_01237_wm.pdf,watermark_pdf,合同协议,L3,技术合作框架协议,1
custom_01238,custom_01238_wm.pdf,watermark_pdf,财务文档,L3,采购合同：字节跳动,1
custom_01239,custom_01239_wm.pdf,watermark_pdf,合同协议,L3,数据处理协议 - 字节跳动,1
custom_01240,custom_01240_wm.pdf,watermark_pdf,合同协议,L3,技术合作框架协议,1
custom_01241,custom_01241_wm.pdf,watermark_pdf,合同协议,L3,保密协议 - 华为,1
custom_01242,custom_01242_wm.pdf,watermark_pdf,合同协议,L3,数据处理协议 - 百度,1
custom_01243,custom_01243_wm.pdf,watermark_pdf,合同协议,L3,数据处理协议 - 腾讯,1
custom_01244,custom_01244_wm.pdf,watermark_pdf,财务文档,L3,安全部门预算审批单,1
custom_01245,custom_01245_wm.pdf,watermark_pdf,财务文档,L3,2025年Q1财务报表,1
custom_01246,custom_01246_wm.pdf,watermark_pdf,财务文档,L3,运维部门预算审批单,1
custom_01247,custom_01247_wm.pdf,watermark_pdf,财务文档,L3,费用报销审批：云资源扩容,1
custom_01248,custom_01248_wm.pdf,watermark_pdf,财务文档,L3,2024年Q3财务报表,1
custom_01249,custom_01249_wm.pdf,watermark_pdf,合同协议,L3,数据处理协议 - 百度,1
custom_01250,custom_01250_wm.pdf,watermark_pdf,财务文档,L3,采购合同：阿里云,1
custom_01251,custom_01251_wm.pdf,watermark_pdf,财务文档,L3,2025年Q4财务报表,1
custom_01252,custom_01252_wm.pdf,watermark_pdf,财务文档,L3,采购合同：阿里云,1
custom_01253,custom_01253_wm.pdf,watermark_pdf,财务文档,L3,市场部门预算审批单,1
custom_01254,custom_01254_wm.pdf,watermark_pdf,财务文档,L3,费用报销审批：咨询服务,1
custom_01255,custom_01255_wm.pdf,watermark_pdf,合同协议,L3,技术合作框架协议,1
custom_01256,custom_01256_wm.pdf,watermark_pdf,财务文档,L3,2025年Q2财务报表,1
custom_01257,custom_01257_wm.pdf,watermark_pdf,合同协议,L3,保密协议 - 字节跳动,1
custom_01258,custom_01258_wm.pdf,watermark_pdf,财务文档,L3,费用报销审批：咨询服务,1
custom_01259,custom_01259_wm.pdf,watermark_pdf,财务文档,L3,费用报销审批：差旅费,1
custom_01260,custom_01260_wm.pdf,watermark_pdf,财务文档,L3,采购合同：华为,1
custom_01261,custom_01261_wm.pdf,watermark_pdf,财务文档,L3,人力部门预算审批单,1
custom_01262,custom_01262_wm.pdf,watermark_pdf,财务文档,L3,安全部门预算审批单,1
custom_01263,custom_01263_wm.pdf,watermark_pdf,财务文档,L3,采购合同：阿里云,1
custom_01264,custom_01264_wm.pdf,watermark_pdf,财务文档,L3,技术部门预算审批单,1
custom_01265,custom_01265_wm.pdf,watermark_pdf,合同协议,L3,保密协议 - 字节跳动,1
custom_01266,custom_01266_wm.pdf,watermark_pdf,财务文档,L3,2023年Q3财务报表,1
custom_01267,custom_01267_wm.pdf,watermark_pdf,合同协议,L3,技术合作框架协议,1
custom_01268,custom_01268_wm.pdf,watermark_pdf,财务文档,L3,费用报销审批：设备采购,1
custom_01269,custom_01269_wm.pdf,watermark_pdf,财务文档,L3,采购合同：华为,1
custom_01270,custom_01270_wm.pdf,watermark_pdf,核心技术,L4,漏洞分析报告：CVE-2024-24490,1
custom_01271,custom_01271_wm.pdf,watermark_pdf,敏感人事,L4,高管薪酬方案 - 2024,1
custom_01272,custom_01272_wm.pdf,watermark_pdf,敏感人事,L4,高管薪酬方案 - 2025,1
custom_01273,custom_01273_wm.pdf,watermark_pdf,核心技术,L4,核心算法设计文档：索引算法,1
custom_01274,custom_01274_wm.pdf,watermark_pdf,核心技术,L4,密钥管理方案,1
custom_01275,custom_01275_wm.pdf,watermark_pdf,敏感人事,L4,高管薪酬方案 - 2024,1
custom_01276,custom_01276_wm.pdf,watermark_pdf,敏感人事,L4,裁员计划：财务部门,1
custom_01277,custom_01277_wm.pdf,watermark_pdf,核心技术,L4,核心算法设计文档：推荐引擎,1
custom_01278,custom_01278_wm.pdf,watermark_pdf,敏感人事,L4,高管薪酬方案 - 2024,1
custom_01279,custom_01279_wm.pdf,watermark_pdf,敏感人事,L4,组织架构调整方案（草案）,1
custom_01280,custom_01280_wm.pdf,watermark_pdf,敏感人事,L4,高管薪酬方案 - 2024,1
custom_01281,custom_01281_wm.pdf,watermark_pdf,核心技术,L4,密钥管理方案,1
custom_01282,custom_01282_wm.pdf,watermark_pdf,敏感人事,L4,高管薪酬方案 - 2023,1
custom_01283,custom_01283_wm.pdf,watermark_pdf,敏感人事,L4,裁员计划：市场部门,1
custom_01284,custom_01284_wm.pdf,watermark_pdf,核心技术,L4,核心算法设计文档：索引算法,1
custom_01285,custom_01285_wm.pdf,watermark_pdf,敏感人事,L4,裁员计划：技术部门,1
custom_01286,custom_01286_wm.pdf,watermark_pdf,核心技术,L4,系统安全架构设计 v3.5,1
custom_01287,custom_01287_wm.pdf,watermark_pdf,敏感人事,L4,组织架构调整方案（草案）,1
custom_01288,custom_01288_wm.pdf,watermark_pdf,敏感人事,L4,高管薪酬方案 - 2025,1
custom_01289,custom_01289_wm.pdf,watermark_pdf,核心技术,L4,漏洞分析报告：CVE-2024-33898,1
custom_01290,custom_01290_wm.pdf,watermark_pdf,核心技术,L4,漏洞分析报告：CVE-2024-16991,1
custom_01291,custom_01291_wm.pdf,watermark_pdf,敏感人事,L4,组织架构调整方案（草案）,1
custom_01292,custom_01292_wm.pdf,watermark_pdf,核心技术,L4,漏洞分析报告：CVE-2024-66473,1
custom_01293,custom_01293_wm.pdf,watermark_pdf,敏感人事,L4,裁员计划：财务部门,1
custom_01294,custom_01294_wm.pdf,watermark_pdf,敏感人事,L4,裁员计划：数据部门,1
custom_01295,custom_01295_wm.pdf,watermark_pdf,核心技术,L4,核心算法设计文档：特征召回链路,1
custom_01296,custom_01296_wm.pdf,watermark_pdf,核心技术,L4,漏洞分析报告：CVE-2024-27074,1
custom_01297,custom_01297_wm.pdf,watermark_pdf,敏感人事,L4,裁员计划：产品部门,1
custom_01298,custom_01298_wm.pdf,watermark_pdf,核心技术,L4,系统安全架构设计 v1.6,1
custom_01299,custom_01299_wm.pdf,watermark_pdf,核心技术,L4,系统安全架构设计 v3.2,1
